seq_name,mcg,gvh,alm,mit,erl,pox,vac,nuc,classification,class_code,z_cyt,z_nuc,z_mit,z_me3,z_me2,z_me1,z_exc,z_vac,z_pox,z_erl
BAR1_YEAST,0.8,0.63,0.45,0.29,0.5,0,0.51,0.22,EXC,6,0,0,0,0,0,0,1,0,0,0
MAC1_YEAST,0.52,0.49,0.57,0.57,0.5,0,0.51,0.22,NUC,1,0,1,0,0,0,0,0,0,0,0
UGS1_YEAST,0.58,0.45,0.48,0.24,0.5,0,0.52,0.37,CYT,0,1,0,0,0,0,0,0,0,0,0
ATM1_YEAST,0.6,0.5,0.44,0.61,0.5,0,0.47,0.22,MIT,2,0,0,1,0,0,0,0,0,0,0
NUF2_YEAST,0.64,0.76,0.51,0.18,0.5,0,0.46,0.22,NUC,1,0,1,0,0,0,0,0,0,0,0
MSH4_YEAST,0.49,0.46,0.42,0.46,0.5,0,0.55,0.22,NUC,1,0,1,0,0,0,0,0,0,0,0
CC31_YEAST,0.47,0.32,0.64,0.3,0.5,0,0.63,0.22,NUC,1,0,1,0,0,0,0,0,0,0,0
IF41_YEAST,0.32,0.32,0.52,0.18,0.5,0,0.48,0.34,CYT,0,1,0,0,0,0,0,0,0,0,0
TYE7_YEAST,0.36,0.52,0.61,0.33,0.5,0,0.52,0.37,NUC,1,0,1,0,0,0,0,0,0,0,0
TPIS_YEAST,0.44,0.49,0.49,0.27,0.5,0,0.52,0.22,CYT,0,1,0,0,0,0,0,0,0,0,0
BEM1_YEAST,0.49,0.61,0.49,0.25,0.5,0,0.5,0.28,CYT,0,1,0,0,0,0,0,0,0,0,0
ATP9_YEAST,0.78,0.65,0.4,0.16,0.5,0,0.63,0.22,MIT,2,0,0,1,0,0,0,0,0,0,0
PUT2_YEAST,0.45,0.53,0.51,0.42,0.5,0,0.52,0.22,MIT,2,0,0,1,0,0,0,0,0,0,0
CTPT_YEAST,0.41,0.4,0.59,0.47,0.5,0,0.48,0.43,CYT,0,1,0,0,0,0,0,0,0,0,0
CY1_YEAST,0.44,0.68,0.45,0.51,0.5,0,0.52,0.41,MIT,2,0,0,1,0,0,0,0,0,0,0
PMT_YEAST,0.5,0.61,0.44,0.2,0.5,0,0.49,0.22,MIT,2,0,0,1,0,0,0,0,0,0,0
SYFA_YEAST,0.45,0.4,0.56,0.14,0.5,0,0.54,0.22,CYT,0,1,0,0,0,0,0,0,0,0,0
RT04_YEAST,0.42,0.53,0.53,0.64,0.5,0,0.47,0.22,MIT,2,0,0,1,0,0,0,0,0,0,0
SEC1_YEAST,0.6,0.51,0.49,0.18,0.5,0,0.53,0.38,CYT,0,1,0,0,0,0,0,0,0,0,0
F16P_YEAST,0.58,0.6,0.51,0.24,0.5,0,0.53,0.22,CYT,0,1,0,0,0,0,0,0,0,0,0
PP12_YEAST,0.49,0.47,0.52,0.16,0.5,0,0.53,0.28,CYT,0,1,0,0,0,0,0,0,0,0,0
YHB7_YEAST,0.83,0.94,0.32,0.21,0.5,0,0.51,0.22,ME1,5,0,0,0,0,0,1,0,0,0,0
KEX2_YEAST,0.7,0.73,0.38,0.36,0.5,0,0.54,0.22,ME1,5,0,0,0,0,0,1,0,0,0,0
ATN2_YEAST,0.36,0.49,0.3,0.22,0.5,0,0.52,0.31,ME3,3,0,0,0,1,0,0,0,0,0,0
RM02_YEAST,0.6,0.51,0.6,0.38,0.5,0.83,0.52,0.24,MIT,2,0,0,1,0,0,0,0,0,0,0
TOA1_YEAST,0.57,0.29,0.63,0.22,0.5,0,0.49,0.27,NUC,1,0,1,0,0,0,0,0,0,0,0
STL1_YEAST,0.36,0.5,0.39,0.23,0.5,0,0.5,0.22,ME3,3,0,0,0,1,0,0,0,0,0,0
SC18_YEAST,0.34,0.46,0.52,0.19,0.5,0,0.53,0.26,CYT,0,1,0,0,0,0,0,0,0,0,0
OSTD_YEAST,0.78,0.73,0.27,0.28,0.5,0,0.56,0.22,ME1,5,0,0,0,0,0,1,0,0,0,0
YB30_YEAST,0.43,0.41,0.37,0.18,0.5,0,0.54,0.31,ME3,3,0,0,0,1,0,0,0,0,0,0
RL25_YEAST,0.44,0.36,0.64,0.45,0.5,0,0.53,0.11,CYT,0,1,0,0,0,0,0,0,0,0,0
CAP_YEAST,0.52,0.56,0.55,0.16,0.5,0,0.53,0.39,CYT,0,1,0,0,0,0,0,0,0,0,0
ZNRP_YEAST,0.67,0.57,0.36,0.19,0.5,0,0.56,0.22,ME2,4,0,0,0,0,1,0,0,0,0,0
SNM1_YEAST,0.37,0.44,0.51,0.56,0.5,0,0.5,0.38,NUC,1,0,1,0,0,0,0,0,0,0,0
VP17_YEAST,0.25,0.4,0.54,0.16,0.5,0,0.43,0.22,CYT,0,1,0,0,0,0,0,0,0,0,0
YAF1_YEAST,0.45,0.51,0.43,0.22,0.5,0,0.57,0.22,NUC,1,0,1,0,0,0,0,0,0,0,0
HXT6_YEAST,0.45,0.57,0.3,0.17,0.5,0,0.51,0.22,ME3,3,0,0,0,1,0,0,0,0,0,0
YB8E_YEAST,0.56,0.71,0.47,0.21,0.5,0,0.52,0.22,MIT,2,0,0,1,0,0,0,0,0,0,0
MDS1_YEAST,0.46,0.57,0.52,0.28,0.5,0,0.52,0.22,NUC,1,0,1,0,0,0,0,0,0,0,0
TIF3_YEAST,0.47,0.56,0.58,0.19,0.5,0,0.44,0.64,CYT,0,1,0,0,0,0,0,0,0,0,0
MPI1_YEAST,0.4,0.68,0.5,0.82,0.5,0,0.44,0.36,MIT,2,0,0,1,0,0,0,0,0,0,0
SAC7_YEAST,0.34,0.25,0.55,0.28,0.5,0,0.51,0.49,CYT,0,1,0,0,0,0,0,0,0,0,0
SED1_YEAST,0.77,0.82,0.4,0.36,0.5,0,0.38,0.22,ME1,5,0,0,0,0,0,1,0,0,0,0
UGS2_YEAST,0.58,0.41,0.51,0.26,0.5,0,0.51,0.37,CYT,0,1,0,0,0,0,0,0,0,0,0
TRPD_YEAST,0.45,0.76,0.51,0.25,0.5,0,0.59,0.22,CYT,0,1,0,0,0,0,0,0,0,0,0
KR11_YEAST,0.27,0.56,0.56,0.18,0.5,0,0.52,0.22,CYT,0,1,0,0,0,0,0,0,0,0,0
CAL1_YEAST,0.39,0.55,0.48,0.31,0.5,0,0.54,0.29,CYT,0,1,0,0,0,0,0,0,0,0,0
R271_YEAST,0.39,0.65,0.57,0.19,0.5,0,0.44,0.25,CYT,0,1,0,0,0,0,0,0,0,0,0
RM06_YEAST,0.62,0.59,0.54,0.47,0.5,0,0.46,0.22,MIT,2,0,0,1,0,0,0,0,0,0,0
DLD1_YEAST,0.47,0.65,0.54,0.62,0.5,0,0.53,0.36,MIT,2,0,0,1,0,0,0,0,0,0,0
YIA6_YEAST,0.51,0.59,0.46,0.13,0.5,0,0.48,0.22,MIT,2,0,0,1,0,0,0,0,0,0,0
RLA0_YEAST,0.48,0.55,0.48,0.1,0.5,0,0.55,0.22,CYT,0,1,0,0,0,0,0,0,0,0,0
RN12_YEAST,0.56,0.51,0.32,0.49,0.5,0,0.48,0.22,NUC,1,0,1,0,0,0,0,0,0,0,0
PT12_YEAST,0.45,0.53,0.47,0.43,0.5,0,0.5,0.27,MIT,2,0,0,1,0,0,0,0,0,0,0
LCB1_YEAST,0.83,0.53,0.52,0.2,0.5,0,0.48,0.25,ME2,4,0,0,0,0,1,0,0,0,0,0
RL44_YEAST,0.34,0.34,0.65,0.4,0.5,0,0.32,0.16,CYT,0,1,0,0,0,0,0,0,0,0,0
INV4_YEAST,0.75,0.76,0.58,0.22,0.5,0,0.49,0.22,EXC,6,0,0,0,0,0,0,1,0,0,0
YCH0_YEAST,0.55,0.35,0.36,0.29,0.5,0,0.51,0.22,ME3,3,0,0,0,1,0,0,0,0,0,0
SEC2_YEAST,0.58,0.56,0.46,0.14,0.5,0,0.51,0.22,CYT,0,1,0,0,0,0,0,0,0,0,0
COXA_YEAST,0.49,0.6,0.43,0.56,0.5,0,0.36,0.22,MIT,2,0,0,1,0,0,0,0,0,0,0
PT27_YEAST,0.26,0.28,0.6,0.2,0.5,0,0.54,0.31,MIT,2,0,0,1,0,0,0,0,0,0,0
PNPP_YEAST,0.38,0.62,0.52,0.14,0.5,0,0.53,0.22,CYT,0,1,0,0,0,0,0,0,0,0,0
MDHC_YEAST,0.62,0.6,0.47,0.16,0.5,0,0.53,0.22,CYT,0,1,0,0,0,0,0,0,0,0,0
UBA1_YEAST,0.52,0.51,0.48,0.12,0.5,0,0.54,0.31,CYT,0,1,0,0,0,0,0,0,0,0,0
MTF1_YEAST,0.46,0.46,0.56,0.12,0.5,0,0.55,0.22,MIT,2,0,0,1,0,0,0,0,0,0,0
YB8I_YEAST,0.77,0.7,0.37,0.12,0.5,0,0.49,0.26,ME1,5,0,0,0,0,0,1,0,0,0,0
RS37_YEAST,0.41,0.49,0.65,0.28,0.5,0,0.59,0.57,CYT,0,1,0,0,0,0,0,0,0,0,0
RA18_YEAST,0.51,0.55,0.56,0.18,0.5,0,0.5,0.38,NUC,1,0,1,0,0,0,0,0,0,0,0
YB54_YEAST,0.4,0.4,0.43,0.19,0.5,0.83,0.48,0.22,POX,8,0,0,0,0,0,0,0,0,1,0
SSN6_YEAST,0.19,0.66,0.6,0.14,0.5,0,0.2,0.25,NUC,1,0,1,0,0,0,0,0,0,0,0
CARP_YEAST,0.8,0.82,0.57,0.26,0.5,0,0.57,0.27,VAC,7,0,0,0,0,0,0,0,1,0,0
HEM3_YEAST,0.46,0.45,0.56,0.16,0.5,0,0.56,0.22,CYT,0,1,0,0,0,0,0,0,0,0,0
PYR1_YEAST,0.56,0.49,0.47,0.13,0.5,0,0.52,0.22,NUC,1,0,1,0,0,0,0,0,0,0,0
PAS3_YEAST,0.68,0.59,0.44,0.49,0.5,0,0.4,0.26,POX,8,0,0,0,0,0,0,0,0,1,0
TYSY_YEAST,0.47,0.46,0.53,0.12,0.5,0,0.51,0.25,NUC,1,0,1,0,0,0,0,0,0,0,0
SYQ_YEAST,0.49,0.42,0.54,0.17,0.5,0,0.5,0.36,CYT,0,1,0,0,0,0,0,0,0,0,0
SWI6_YEAST,0.41,0.56,0.53,0.16,0.5,0,0.55,0.26,NUC,1,0,1,0,0,0,0,0,0,0,0
HXT2_YEAST,0.49,0.4,0.34,0.26,0.5,0,0.5,0.22,ME3,3,0,0,0,1,0,0,0,0,0,0
MAN1_YEAST,0.37,0.36,0.56,0.18,0.5,0,0.48,0.26,VAC,7,0,0,0,0,0,0,0,1,0,0
NCPR_YEAST,0.78,0.63,0.53,0.13,0.5,0,0.54,0.22,ME2,4,0,0,0,0,1,0,0,0,0,0
RFC3_YEAST,0.34,0.58,0.5,0.26,0.5,0,0.51,0.22,NUC,1,0,1,0,0,0,0,0,0,0,0
SNC1_YEAST,0.27,0.41,0.24,0.2,0.5,0,0.49,0.22,ME3,3,0,0,0,1,0,0,0,0,0,0
KICH_YEAST,0.39,0.4,0.53,0.67,0.5,0,0.47,0.22,CYT,0,1,0,0,0,0,0,0,0,0,0
ADR6_YEAST,0.48,0.17,0.37,0.33,0.5,0,0.44,0.36,NUC,1,0,1,0,0,0,0,0,0,0,0
ESP1_YEAST,0.55,0.46,0.46,0.31,0.5,0,0.58,0.48,NUC,1,0,1,0,0,0,0,0,0,0,0
RF1M_YEAST,0.6,0.62,0.54,0.4,0.5,0,0.5,0.22,MIT,2,0,0,1,0,0,0,0,0,0,0
SYTM_YEAST,0.41,0.47,0.58,0.62,0.5,0,0.5,0.22,MIT,2,0,0,1,0,0,0,0,0,0,0
HS73_YEAST,0.51,0.48,0.51,0.26,0.5,0,0.51,0.27,CYT,0,1,0,0,0,0,0,0,0,0,0
RPB1_YEAST,0.44,0.62,0.53,0.27,0.5,0,0.49,0.22,NUC,1,0,1,0,0,0,0,0,0,0,0
SYLM_YEAST,0.6,0.51,0.52,0.45,0.5,0,0.5,0.27,MIT,2,0,0,1,0,0,0,0,0,0,0
GALY_YEAST,0.56,0.59,0.53,0.16,0.5,0,0.24,0.42,NUC,1,0,1,0,0,0,0,0,0,0,0
HS71_YEAST,0.53,0.48,0.51,0.18,0.5,0,0.52,0.27,CYT,0,1,0,0,0,0,0,0,0,0,0
SDHL_YEAST,0.46,0.42,0.51,0.16,0.5,0,0.56,0.22,CYT,0,1,0,0,0,0,0,0,0,0,0
SYV_YEAST,0.51,0.49,0.48,0.55,0.5,0,0.52,0.58,CYT,0,1,0,0,0,0,0,0,0,0,0
TIP1_YEAST,0.77,0.7,0.44,0.29,0.5,0,0.56,0.22,ME1,5,0,0,0,0,0,1,0,0,0,0
R142_YEAST,0.56,0.41,0.58,0.21,0.5,0,0.42,0.22,CYT,0,1,0,0,0,0,0,0,0,0,0
CSG2_YEAST,0.69,0.61,0.38,0.27,0.5,0,0.52,0.22,ME2,4,0,0,0,0,1,0,0,0,0,0
CPT1_YEAST,0.47,0.54,0.37,0.14,0.5,0,0.5,0.22,ME3,3,0,0,0,1,0,0,0,0,0,0
EXG1_YEAST,0.77,0.87,0.47,0.37,0.5,0,0.48,0.22,EXC,6,0,0,0,0,0,0,1,0,0,0
PUT1_YEAST,0.6,0.59,0.47,0.47,0.5,0,0.53,0.22,MIT,2,0,0,1,0,0,0,0,0,0,0
GCR2_YEAST,0.54,0.56,0.57,0.18,0.5,0,0.45,0.25,NUC,1,0,1,0,0,0,0,0,0,0,0
YHU2_YEAST,0.6,0.68,0.3,0.27,0.5,0,0.55,0.22,ME3,3,0,0,0,1,0,0,0,0,0,0
RS41_YEAST,0.32,0.44,0.54,0.21,0.5,0,0.4,0.19,CYT,0,1,0,0,0,0,0,0,0,0,0
MSS1_YEAST,0.58,0.57,0.54,0.69,0.5,0,0.54,0.22,MIT,2,0,0,1,0,0,0,0,0,0,0
BIK1_YEAST,0.64,0.57,0.57,0.27,0.5,0,0.37,0.22,CYT,0,1,0,0,0,0,0,0,0,0,0
AROF_YEAST,0.34,0.46,0.57,0.09,0.5,0,0.55,0.22,CYT,0,1,0,0,0,0,0,0,0,0,0
FBRL_YEAST,0.35,0.44,0.54,0.26,0.5,0,0.52,0.26,NUC,1,0,1,0,0,0,0,0,0,0,0
EFTU_YEAST,0.61,0.73,0.5,0.58,0.5,0,0.5,0.22,MIT,2,0,0,1,0,0,0,0,0,0,0
GLN3_YEAST,0.43,0.54,0.58,0.16,0.5,0,0.5,0.36,NUC,1,0,1,0,0,0,0,0,0,0,0
ATH1_YEAST,0.49,0.6,0.3,0.34,0.5,0,0.5,0.43,ME3,3,0,0,0,1,0,0,0,0,0,0
PR18_YEAST,0.33,0.39,0.52,0.09,0.5,0,0.47,0.28,NUC,1,0,1,0,0,0,0,0,0,0,0
YHQ1_YEAST,0.72,0.73,0.41,0.28,0.5,0,0.44,0.22,ME1,5,0,0,0,0,0,1,0,0,0,0
PROF_YEAST,0.47,0.49,0.6,0.15,0.5,0,0.38,0.22,CYT,0,1,0,0,0,0,0,0,0,0,0
NOT2_YEAST,0.64,0.6,0.57,0.19,0.5,0,0.43,0.22,NUC,1,0,1,0,0,0,0,0,0,0,0
RPD3_YEAST,0.37,0.3,0.51,0.15,0.5,0,0.58,0.26,NUC,1,0,1,0,0,0,0,0,0,0,0
KHS1_YEAST,0.89,0.77,0.36,0.34,0.5,0,0.44,0.22,EXC,6,0,0,0,0,0,0,1,0,0,0
PMP2_YEAST,0.97,0.71,0.29,0.42,0.5,0,0.35,0.22,ME2,4,0,0,0,0,1,0,0,0,0,0
R272_YEAST,0.39,0.65,0.57,0.19,0.5,0,0.43,0.25,CYT,0,1,0,0,0,0,0,0,0,0,0
LYS1_YEAST,0.5,0.45,0.48,0.17,0.5,0,0.5,0.26,CYT,0,1,0,0,0,0,0,0,0,0,0
GBA1_YEAST,0.3,0.5,0.47,0.11,0.5,0,0.46,0.22,CYT,0,1,0,0,0,0,0,0,0,0,0
RM20_YEAST,0.41,0.52,0.53,0.41,0.5,0,0.39,0.33,MIT,2,0,0,1,0,0,0,0,0,0,0
PHO4_YEAST,0.44,0.42,0.57,0.22,0.5,0,0.5,0.25,NUC,1,0,1,0,0,0,0,0,0,0,0
CLC1_YEAST,0.24,0.34,0.69,0.18,0.5,0,0.52,0.22,CYT,0,1,0,0,0,0,0,0,0,0,0
HS72_YEAST,0.51,0.48,0.51,0.19,0.5,0,0.51,0.27,CYT,0,1,0,0,0,0,0,0,0,0,0
IF5_YEAST,0.41,0.46,0.57,0.25,0.5,0,0.57,0.38,CYT,0,1,0,0,0,0,0,0,0,0,0
RIM1_YEAST,0.55,0.38,0.64,0.42,0.5,0,0.47,0.22,MIT,2,0,0,1,0,0,0,0,0,0,0
GAL1_YEAST,0.48,0.35,0.42,0.21,0.5,0,0.57,0.22,CYT,0,1,0,0,0,0,0,0,0,0,0
VPH1_YEAST,0.57,0.54,0.32,0.15,0.5,0,0.52,0.25,VAC,7,0,0,0,0,0,0,0,1,0,0
VM11_YEAST,0.68,0.68,0.35,0.16,0.5,0,0.62,0.22,VAC,7,0,0,0,0,0,0,0,1,0,0
GAL7_YEAST,0.5,0.5,0.48,0.17,0.5,0,0.47,0.26,CYT,0,1,0,0,0,0,0,0,0,0,0
DA81_YEAST,0.39,0.28,0.46,0.12,0.5,0,0.41,0.22,NUC,1,0,1,0,0,0,0,0,0,0,0
YCG9_YEAST,0.74,0.73,0.32,0.2,0.5,0,0.55,0.22,ME1,5,0,0,0,0,0,1,0,0,0,0
DHE2_YEAST,0.59,0.43,0.52,0.19,0.5,0,0.55,0.27,CYT,0,1,0,0,0,0,0,0,0,0,0
PORI_YEAST,0.41,0.49,0.58,0.22,0.5,0,0.52,0.22,MIT,2,0,0,1,0,0,0,0,0,0,0
MSH3_YEAST,0.51,0.6,0.51,0.26,0.5,0,0.54,0.22,NUC,1,0,1,0,0,0,0,0,0,0,0
MTD1_YEAST,0.57,0.4,0.48,0.24,0.5,0,0.55,0.22,CYT,0,1,0,0,0,0,0,0,0,0,0
CYB2_YEAST,0.53,0.44,0.51,0.33,0.5,0,0.52,0.22,MIT,2,0,0,1,0,0,0,0,0,0,0
YB52_YEAST,0.58,0.5,0.5,0.12,0.5,0,0.48,0.25,NUC,1,0,1,0,0,0,0,0,0,0,0
R37A_YEAST,0.4,0.45,0.61,0.29,0.5,0,0.44,0.22,CYT,0,1,0,0,0,0,0,0,0,0,0
PR09_YEAST,0.51,0.39,0.56,0.25,0.5,0,0.51,0.33,NUC,1,0,1,0,0,0,0,0,0,0,0
SED5_YEAST,0.42,0.28,0.33,0.23,0.5,0,0.39,0.26,ME3,3,0,0,0,1,0,0,0,0,0,0
YCK1_YEAST,0.71,0.51,0.49,0.23,0.5,0,0.3,0.32,ME2,4,0,0,0,0,1,0,0,0,0,0
MSB2_YEAST,0.76,0.76,0.35,0.27,0.5,0,0.44,0.22,ME1,5,0,0,0,0,0,1,0,0,0,0
MAD1_YEAST,0.62,0.64,0.56,0.2,0.5,0,0.48,0.33,NUC,1,0,1,0,0,0,0,0,0,0,0
YHG2_YEAST,0.2,0.6,0.5,0.29,0.5,0,0.51,0.22,ME3,3,0,0,0,1,0,0,0,0,0,0
NAB3_YEAST,0.42,0.28,0.57,0.18,0.5,0,0.42,0.22,NUC,1,0,1,0,0,0,0,0,0,0,0
RPC8_YEAST,0.57,0.42,0.63,0.22,0.5,0,0.68,0.32,NUC,1,0,1,0,0,0,0,0,0,0,0
SUV3_YEAST,0.61,0.54,0.54,0.38,0.5,0,0.54,0.29,MIT,2,0,0,1,0,0,0,0,0,0,0
FAD1_YEAST,0.43,0.51,0.48,0.14,0.5,0,0.5,0.22,CYT,0,1,0,0,0,0,0,0,0,0,0
AGA1_YEAST,0.78,0.74,0.42,0.26,0.5,0,0.43,0.22,ME1,5,0,0,0,0,0,1,0,0,0,0
RAP1_YEAST,0.54,0.53,0.53,0.17,0.5,0,0.51,0.39,NUC,1,0,1,0,0,0,0,0,0,0,0
XRS2_YEAST,0.64,0.56,0.52,0.17,0.5,0,0.54,0.47,NUC,1,0,1,0,0,0,0,0,0,0,0
PT94_YEAST,0.59,0.58,0.47,0.61,0.5,0,0.44,0.3,MIT,2,0,0,1,0,0,0,0,0,0,0
TRK1_YEAST,0.55,0.39,0.39,0.47,0.5,0,0.5,0.83,ME3,3,0,0,0,1,0,0,0,0,0,0
YJ36_YEAST,0.32,0.36,0.34,0.19,0.5,0,0.55,0.26,ME3,3,0,0,0,1,0,0,0,0,0,0
RA16_YEAST,0.33,0.28,0.5,0.4,0.5,0,0.46,0.61,NUC,1,0,1,0,0,0,0,0,0,0,0
YCQ7_YEAST,0.67,0.61,0.39,0.24,0.5,0,0.51,0.22,ME3,3,0,0,0,1,0,0,0,0,0,0
YHX8_YEAST,0.4,0.43,0.49,0.17,0.5,0,0.51,0.36,NUC,1,0,1,0,0,0,0,0,0,0,0
EF2_YEAST,0.52,0.54,0.5,0.21,0.5,0,0.48,0.3,CYT,0,1,0,0,0,0,0,0,0,0,0
SP21_YEAST,0.44,0.59,0.54,0.18,0.5,0,0.49,0.22,NUC,1,0,1,0,0,0,0,0,0,0,0
YIB3_YEAST,0.52,0.46,0.34,0.2,0.5,0,0.51,0.25,ME3,3,0,0,0,1,0,0,0,0,0,0
YHA8_YEAST,0.63,0.65,0.42,0.18,0.5,0,0.54,0.27,ME3,3,0,0,0,1,0,0,0,0,0,0
CALM_YEAST,0.48,0.64,0.61,0.23,0.5,0,0.6,0.22,CYT,0,1,0,0,0,0,0,0,0,0,0
MCM3_YEAST,0.53,0.51,0.51,0.11,0.5,0,0.49,0.41,NUC,1,0,1,0,0,0,0,0,0,0,0
PDR3_YEAST,0.61,0.46,0.44,0.47,0.5,0,0.5,0.37,NUC,1,0,1,0,0,0,0,0,0,0,0
ENO1_YEAST,0.45,0.56,0.54,0.32,0.5,0,0.57,0.22,CYT,0,1,0,0,0,0,0,0,0,0,0
REB1_YEAST,0.58,0.31,0.6,0.12,0.5,0,0.47,0.33,NUC,1,0,1,0,0,0,0,0,0,0,0
UCRQ_YEAST,0.57,0.6,0.54,0.17,0.5,0,0.52,0.22,MIT,2,0,0,1,0,0,0,0,0,0,0
DHA1_YEAST,0.59,0.53,0.43,0.44,0.5,0,0.5,0.22,MIT,2,0,0,1,0,0,0,0,0,0,0
THIL_YEAST,0.54,0.65,0.49,0.34,0.5,0,0.52,0.22,CYT,0,1,0,0,0,0,0,0,0,0,0
TPS2_YEAST,0.54,0.43,0.48,0.27,0.5,0,0.44,0.41,CYT,0,1,0,0,0,0,0,0,0,0,0
DHSB_YEAST,0.53,0.51,0.55,0.57,0.5,0,0.46,0.22,MIT,2,0,0,1,0,0,0,0,0,0,0
IF51_YEAST,0.44,0.55,0.51,0.16,0.5,0,0.6,0.22,CYT,0,1,0,0,0,0,0,0,0,0,0
YAE2_YEAST,0.39,0.63,0.41,0.27,0.5,0,0.49,0.22,ME3,3,0,0,0,1,0,0,0,0,0,0
GCR1_YEAST,0.27,0.51,0.47,0.35,0.5,0,0.49,0.28,NUC,1,0,1,0,0,0,0,0,0,0,0
KRE2_YEAST,0.89,0.82,0.6,0.49,0.5,0,0.55,0.22,ME2,4,0,0,0,0,1,0,0,0,0,0
PRCH_YEAST,0.42,0.53,0.57,0.17,0.5,0,0.49,0.22,CYT,0,1,0,0,0,0,0,0,0,0,0
CBF5_YEAST,0.45,0.51,0.5,0.16,0.5,0,0.52,1,NUC,1,0,1,0,0,0,0,0,0,0,0
ERD1_YEAST,0.52,0.75,0.37,0.14,0.5,0,0.46,0.22,ME3,3,0,0,0,1,0,0,0,0,0,0
MDL1_YEAST,0.51,0.47,0.41,0.44,0.5,0,0.5,0.22,ME3,3,0,0,0,1,0,0,0,0,0,0
FUS1_YEAST,0.84,0.66,0.36,0.78,0.5,0,0.49,0.5,ME1,5,0,0,0,0,0,1,0,0,0,0
CC16_YEAST,0.62,0.51,0.52,0.42,0.5,0,0.54,0.27,NUC,1,0,1,0,0,0,0,0,0,0,0
YB37_YEAST,0.8,0.82,0.4,0.31,0.5,0,0.57,0.25,ME1,5,0,0,0,0,0,1,0,0,0,0
UBC3_YEAST,0.58,0.48,0.51,0.47,0.5,0,0.55,0.22,NUC,1,0,1,0,0,0,0,0,0,0,0
CC48_YEAST,0.44,0.39,0.53,0.14,0.5,0,0.54,0.44,CYT,0,1,0,0,0,0,0,0,0,0,0
GEF1_YEAST,0.49,0.31,0.34,0.13,0.5,0,0.52,0.22,ME3,3,0,0,0,1,0,0,0,0,0,0
CC46_YEAST,0.51,0.34,0.5,0.19,0.5,0,0.5,0.22,NUC,1,0,1,0,0,0,0,0,0,0,0
ACT2_YEAST,0.47,0.39,0.5,0.11,0.5,0,0.49,0.4,CYT,0,1,0,0,0,0,0,0,0,0,0
YN70_YEAST,0.51,0.65,0.53,0.19,0.5,0,0.49,0.22,EXC,6,0,0,0,0,0,0,1,0,0,0
TCPB_YEAST,0.5,0.45,0.52,0.18,0.5,0,0.52,0.22,CYT,0,1,0,0,0,0,0,0,0,0,0
ACR1_YEAST,0.66,0.55,0.45,0.19,0.5,0,0.46,0.22,MIT,2,0,0,1,0,0,0,0,0,0,0
YJ90_YEAST,0.65,0.61,0.39,0.3,0.5,0,0.57,0.28,ME3,3,0,0,0,1,0,0,0,0,0,0
ATR1_YEAST,0.28,0.58,0.21,0.13,0.5,0,0.51,0.22,ME3,3,0,0,0,1,0,0,0,0,0,0
TCPA_YEAST,0.5,0.49,0.46,0.22,0.5,0,0.53,0.25,CYT,0,1,0,0,0,0,0,0,0,0,0
PCNA_YEAST,0.49,0.71,0.54,0.13,0.5,0,0.58,0.22,NUC,1,0,1,0,0,0,0,0,0,0,0
FIMB_YEAST,0.51,0.4,0.5,0.28,0.5,0,0.48,0.27,CYT,0,1,0,0,0,0,0,0,0,0,0
TFC3_YEAST,0.47,0.38,0.5,0.15,0.5,0,0.49,0.47,NUC,1,0,1,0,0,0,0,0,0,0,0
RPA2_YEAST,0.35,0.41,0.53,0.27,0.5,0,0.47,0.29,NUC,1,0,1,0,0,0,0,0,0,0,0
NOP3_YEAST,0.44,0.34,0.61,0.13,0.5,0,0.49,0.26,NUC,1,0,1,0,0,0,0,0,0,0,0
DPB2_YEAST,0.5,0.51,0.52,0.09,0.5,0,0.48,0.25,NUC,1,0,1,0,0,0,0,0,0,0,0
NI96_YEAST,0.4,0.53,0.44,0.18,0.5,0,0.54,0.31,NUC,1,0,1,0,0,0,0,0,0,0,0
NU49_YEAST,0.69,0.62,0.49,0,1,0,0.47,0.22,NUC,1,0,1,0,0,0,0,0,0,0,0
SNP2_YEAST,0.51,0.5,0.54,0.11,0.5,0,0.6,0.22,NUC,1,0,1,0,0,0,0,0,0,0,0
SC72_YEAST,0.59,0.55,0.57,0.18,0.5,0,0.51,0.22,CYT,0,1,0,0,0,0,0,0,0,0,0
ODPB_YEAST,0.49,0.52,0.53,0.7,0.5,0,0.51,0.22,MIT,2,0,0,1,0,0,0,0,0,0,0
RL44_YEAST,0.34,0.34,0.65,0.4,0.5,0,0.32,0.16,CYT,0,1,0,0,0,0,0,0,0,0,0
STE3_YEAST,0.88,0.72,0.32,0.3,0.5,0,0.52,0.33,ME1,5,0,0,0,0,0,1,0,0,0,0
YJ43_YEAST,0.4,0.51,0.42,0.13,0.5,0,0.45,0.25,ME3,3,0,0,0,1,0,0,0,0,0,0
INV1_YEAST,0.74,0.82,0.46,0.24,0.5,0,0.5,0.31,EXC,6,0,0,0,0,0,0,1,0,0,0
CCL1_YEAST,0.4,0.38,0.53,0.16,0.5,0,0.52,0.27,NUC,1,0,1,0,0,0,0,0,0,0,0
VATX_YEAST,0.48,0.58,0.58,0.12,0.5,0,0.49,0.22,VAC,7,0,0,0,0,0,0,0,1,0,0
MAK3_YEAST,0.5,0.34,0.62,0.19,0.5,0,0.57,0.22,CYT,0,1,0,0,0,0,0,0,0,0,0
SPT3_YEAST,0.59,0.49,0.45,0.22,0.5,0,0.45,0.31,NUC,1,0,1,0,0,0,0,0,0,0,0
MIG1_YEAST,0.43,0.39,0.59,0.13,0.5,0,0.41,0.43,NUC,1,0,1,0,0,0,0,0,0,0,0
RS22_YEAST,0.46,0.39,0.54,0.22,0.5,0,0.48,0.25,CYT,0,1,0,0,0,0,0,0,0,0,0
ATPU_YEAST,0.5,0.54,0.53,0.54,0.5,0,0.51,0.27,MIT,2,0,0,1,0,0,0,0,0,0,0
RPB6_YEAST,0.27,0.31,0.55,0.13,0.5,0,0.5,0.22,NUC,1,0,1,0,0,0,0,0,0,0,0
DSS4_YEAST,0.56,0.52,0.55,0.19,0.5,0,0.54,0.22,CYT,0,1,0,0,0,0,0,0,0,0,0
RS4E_YEAST,0.53,0.57,0.6,0.36,0.5,0,0.5,0.22,CYT,0,1,0,0,0,0,0,0,0,0,0
RPC6_YEAST,0.37,0.45,0.53,0.14,0.5,0,0.49,0.22,NUC,1,0,1,0,0,0,0,0,0,0,0
AATM_YEAST,0.42,0.44,0.48,0.54,0.5,0,0.48,0.22,MIT,2,0,0,1,0,0,0,0,0,0,0
RS4_YEAST,0.25,0.48,0.45,0.32,0.5,0,0.4,0.22,CYT,0,1,0,0,0,0,0,0,0,0,0
CSE2_YEAST,0.53,0.38,0.66,0.25,0.5,0,0.43,0.22,NUC,1,0,1,0,0,0,0,0,0,0,0
BOS1_YEAST,0.36,0.58,0.35,0.24,0.5,0,0.44,0.22,ME3,3,0,0,0,1,0,0,0,0,0,0
ATH2_YEAST,0.27,0.56,0.3,0.14,0.5,0,0.52,0.39,ME3,3,0,0,0,1,0,0,0,0,0,0
CBP2_YEAST,0.59,0.67,0.56,0.41,0.5,0,0.47,0.22,MIT,2,0,0,1,0,0,0,0,0,0,0
SPB4_YEAST,0.57,0.55,0.51,0.18,0.5,0,0.51,0.43,NUC,1,0,1,0,0,0,0,0,0,0,0
EF1H_YEAST,0.54,0.48,0.55,0.33,0.5,0,0.55,0.4,CYT,0,1,0,0,0,0,0,0,0,0,0
PRCG_YEAST,0.55,0.63,0.54,0.16,0.5,0,0.45,0.27,CYT,0,1,0,0,0,0,0,0,0,0,0
YCY8_YEAST,0.28,0.48,0.36,0.16,0.5,0,0.53,0.22,ME3,3,0,0,0,1,0,0,0,0,0,0
FAS2_YEAST,0.63,0.62,0.42,0.12,0.5,0,0.52,0.25,CYT,0,1,0,0,0,0,0,0,0,0,0
HIS7_YEAST,0.56,0.44,0.56,0.19,0.5,0,0.54,0.22,CYT,0,1,0,0,0,0,0,0,0,0,0
ASSY_YEAST,0.66,0.62,0.49,0.1,0.5,0,0.49,0.22,CYT,0,1,0,0,0,0,0,0,0,0,0
PDR1_YEAST,0.33,0.38,0.45,0.19,0.5,0,0.54,0.37,NUC,1,0,1,0,0,0,0,0,0,0,0
GR78_YEAST,0.85,0.56,0.33,0.38,1,0,0.55,0.25,ERL,9,0,0,0,0,0,0,0,0,0,1
RM13_YEAST,0.6,0.57,0.64,0.52,0.5,0,0.47,0.28,MIT,2,0,0,1,0,0,0,0,0,0,0
RL2_YEAST,0.63,0.64,0.45,0.26,0.5,0,0.43,0.22,CYT,0,1,0,0,0,0,0,0,0,0,0
UBR1_YEAST,0.42,0.46,0.44,0.17,0.5,0,0.51,0.42,CYT,0,1,0,0,0,0,0,0,0,0,0
RA51_YEAST,0.55,0.59,0.53,0.15,0.5,0,0.49,0.22,NUC,1,0,1,0,0,0,0,0,0,0,0
RAD4_YEAST,0.33,0.28,0.52,0.15,0.5,0,0.51,0.86,NUC,1,0,1,0,0,0,0,0,0,0,0
SNF6_YEAST,0.55,0.4,0.62,0.22,0.5,0,0.37,0.28,NUC,1,0,1,0,0,0,0,0,0,0,0
CISY_YEAST,0.38,0.68,0.44,0.45,0.5,0,0.53,0.22,MIT,2,0,0,1,0,0,0,0,0,0,0
CBP3_YEAST,0.47,0.47,0.57,0.48,0.5,0,0.48,0.22,MIT,2,0,0,1,0,0,0,0,0,0,0
CCR4_YEAST,0.53,0.51,0.55,0.05,0.5,0,0.45,0.25,NUC,1,0,1,0,0,0,0,0,0,0,0
PAN1_YEAST,0.69,0.39,0.52,0.12,0.5,0,0.38,0.35,CYT,0,1,0,0,0,0,0,0,0,0,0
YHF0_YEAST,0.5,0.63,0.45,0.13,0.5,0,0.45,0.32,ME3,3,0,0,0,1,0,0,0,0,0,0
RAS1_YEAST,0.61,0.46,0.54,0.11,0.5,0,0.47,0.22,CYT,0,1,0,0,0,0,0,0,0,0,0
SSO2_YEAST,0.25,0.42,0.21,0.14,0.5,0,0.41,0.22,ME3,3,0,0,0,1,0,0,0,0,0,0
DCP1_YEAST,0.49,0.45,0.53,0.16,0.5,0,0.49,0.31,CYT,0,1,0,0,0,0,0,0,0,0,0
DPOX_YEAST,0.32,0.49,0.53,0.28,0.5,0,0.5,0.5,NUC,1,0,1,0,0,0,0,0,0,0,0
DAP2_YEAST,0.36,0.68,0.38,0.08,0.5,0,0.53,0.25,VAC,7,0,0,0,0,0,0,0,1,0,0
CBP6_YEAST,0.47,0.41,0.66,0.26,0.5,0,0.53,0.22,MIT,2,0,0,1,0,0,0,0,0,0,0
CCE1_YEAST,0.58,0.62,0.54,0.17,0.5,0,0.48,0.22,MIT,2,0,0,1,0,0,0,0,0,0,0
TF2B_YEAST,0.58,0.64,0.42,0.3,0.5,0,0.54,0.22,NUC,1,0,1,0,0,0,0,0,0,0,0
TOP3_YEAST,0.53,0.51,0.54,0.21,0.5,0,0.45,0.22,NUC,1,0,1,0,0,0,0,0,0,0,0
DED1_YEAST,0.36,0.24,0.49,0.16,0.5,0,0.51,0.22,NUC,1,0,1,0,0,0,0,0,0,0,0
AST1_YEAST,0.48,0.42,0.52,0.24,0.5,0,0.56,0.22,CYT,0,1,0,0,0,0,0,0,0,0,0
RCS1_YEAST,0.33,0.55,0.51,0.43,0.5,0,0.51,0.22,NUC,1,0,1,0,0,0,0,0,0,0,0
RPC4_YEAST,0.36,0.49,0.55,0.21,0.5,0,0.55,0.33,NUC,1,0,1,0,0,0,0,0,0,0,0
TFS2_YEAST,0.61,0.3,0.59,0.12,0.5,0,0.49,0.27,NUC,1,0,1,0,0,0,0,0,0,0,0
CG12_YEAST,0.54,0.38,0.52,0.18,0.5,0,0.48,0.22,CYT,0,1,0,0,0,0,0,0,0,0,0
YGP1_YEAST,0.8,0.79,0.43,0.25,0.5,0,0.52,0.22,EXC,6,0,0,0,0,0,0,1,0,0,0
DHE4_YEAST,0.38,0.47,0.53,0.12,0.5,0,0.48,0.22,CYT,0,1,0,0,0,0,0,0,0,0,0
INO4_YEAST,0.45,0.38,0.59,0.18,0.5,0,0.44,0.45,NUC,1,0,1,0,0,0,0,0,0,0,0
R114_YEAST,0.44,0.45,0.53,0.19,0.5,0,0.41,0.28,NUC,1,0,1,0,0,0,0,0,0,0,0
END2_YEAST,0.78,0.7,0.32,0.23,0.5,0,0.53,0.22,ME1,5,0,0,0,0,0,1,0,0,0,0
EUG1_YEAST,0.77,0.8,0.51,0.4,1,0,0.54,0.22,ERL,9,0,0,0,0,0,0,0,0,0,1
MDL2_YEAST,0.72,0.56,0.4,0.26,0.5,0,0.51,0.26,ME2,4,0,0,0,0,1,0,0,0,0,0
COQ2_YEAST,0.63,0.56,0.45,0.58,0.5,0,0.51,0.22,MIT,2,0,0,1,0,0,0,0,0,0,0
TRNL_YEAST,0.49,0.38,0.49,0.15,0.5,0,0.53,0.25,NUC,1,0,1,0,0,0,0,0,0,0,0
DPOA_YEAST,0.36,0.39,0.54,0.16,0.5,0,0.5,0.28,NUC,1,0,1,0,0,0,0,0,0,0,0
RS28_YEAST,0.38,0.5,0.52,0.44,0.5,0,0.54,0.11,CYT,0,1,0,0,0,0,0,0,0,0,0
APE3_YEAST,0.74,0.57,0.51,0.28,0.5,0,0.58,0.22,VAC,7,0,0,0,0,0,0,0,1,0,0
CISZ_YEAST,0.44,0.38,0.48,0.32,0.5,0.83,0.53,0.22,POX,8,0,0,0,0,0,0,0,0,1,0
NDC1_YEAST,0.47,0.59,0.37,0.31,0.5,0,0.51,0.36,NUC,1,0,1,0,0,0,0,0,0,0,0
YEA6_YEAST,0.42,0.71,0.45,0.15,0.5,0,0.48,0.22,ME3,3,0,0,0,1,0,0,0,0,0,0
R16B_YEAST,0.36,0.56,0.52,0.18,0.5,0,0.45,0.16,CYT,0,1,0,0,0,0,0,0,0,0,0
PRCE_YEAST,0.46,0.62,0.54,0.25,0.5,0,0.46,0.22,CYT,0,1,0,0,0,0,0,0,0,0,0
YEU2_YEAST,0.55,0.49,0.6,0.18,0.5,0,0.51,0.22,NUC,1,0,1,0,0,0,0,0,0,0,0
GDA1_YEAST,0.91,0.69,0.57,0.45,0.5,0,0.56,0.22,ME2,4,0,0,0,0,1,0,0,0,0,0
STV1_YEAST,0.58,0.43,0.32,0.11,0.5,0,0.49,0.22,VAC,7,0,0,0,0,0,0,0,1,0,0
IPB2_YEAST,0.45,0.46,0.61,0.2,0.5,0,0.62,0.22,CYT,0,1,0,0,0,0,0,0,0,0,0
EFG1_YEAST,0.53,0.48,0.45,0.44,0.5,0,0.49,0.27,MIT,2,0,0,1,0,0,0,0,0,0,0
IPYR_YEAST,0.43,0.51,0.6,0.25,0.5,0,0.55,0.22,CYT,0,1,0,0,0,0,0,0,0,0,0
ST20_YEAST,0.3,0.45,0.55,0.19,0.5,0,0.53,0.4,CYT,0,1,0,0,0,0,0,0,0,0,0
UBIQ_YEAST,0.46,0.47,0.62,0.3,0.5,0,0.38,0.22,CYT,0,1,0,0,0,0,0,0,0,0,0
YKD8_YEAST,0.38,0.4,0.39,0.19,0.5,0,0.46,0.62,NUC,1,0,1,0,0,0,0,0,0,0,0
TF2D_YEAST,0.37,0.29,0.45,0.15,0.5,0,0.49,0.22,NUC,1,0,1,0,0,0,0,0,0,0,0
SLP1_YEAST,0.56,0.68,0.42,0.36,0.5,0,0.49,0.22,CYT,0,1,0,0,0,0,0,0,0,0,0
PTSR_YEAST,0.5,0.5,0.54,0.16,0.5,0,0.49,0.22,POX,8,0,0,0,0,0,0,0,0,1,0
SHR3_YEAST,0.7,0.57,0.34,0.19,0.5,0,0.53,0.27,ME2,4,0,0,0,0,1,0,0,0,0,0
ERG6_YEAST,0.32,0.47,0.55,0.12,0.5,0,0.52,0.22,CYT,0,1,0,0,0,0,0,0,0,0,0
NIN1_YEAST,0.47,0.5,0.55,0.19,0.5,0,0.62,0.22,CYT,0,1,0,0,0,0,0,0,0,0,0
RFA3_YEAST,0.57,0.51,0.58,0.22,0.5,0,0.51,0.22,NUC,1,0,1,0,0,0,0,0,0,0,0
YKY8_YEAST,0.25,0.4,0.52,0.15,0.5,0,0.56,0.28,NUC,1,0,1,0,0,0,0,0,0,0,0
PMT2_YEAST,0.27,0.49,0.36,0.26,0.5,0,0.49,0.26,ME3,3,0,0,0,1,0,0,0,0,0,0
YKE9_YEAST,0.34,0.36,0.54,0.11,0.5,0,0.36,0.21,NUC,1,0,1,0,0,0,0,0,0,0,0
RHO2_YEAST,0.64,0.44,0.51,0.35,0.5,0,0.53,0.22,CYT,0,1,0,0,0,0,0,0,0,0,0
PR19_YEAST,0.48,0.41,0.54,0.39,0.5,0,0.51,0.22,NUC,1,0,1,0,0,0,0,0,0,0,0
FPPS_YEAST,0.55,0.56,0.45,0.14,0.5,0,0.54,0.22,CYT,0,1,0,0,0,0,0,0,0,0,0
E2BD_YEAST,0.42,0.39,0.47,0.13,0.5,0,0.5,0.27,CYT,0,1,0,0,0,0,0,0,0,0,0
LIP5_YEAST,0.68,0.5,0.55,0.65,0.5,0,0.46,0.31,MIT,2,0,0,1,0,0,0,0,0,0,0
SIP2_YEAST,0.42,0.42,0.55,0.31,0.5,0,0.43,0.22,NUC,1,0,1,0,0,0,0,0,0,0,0
SAR1_YEAST,0.59,0.54,0.53,0.14,0.5,0,0.48,0.22,CYT,0,1,0,0,0,0,0,0,0,0,0
RCC_YEAST,0.31,0.5,0.54,0.32,0.5,0,0.53,0.31,NUC,1,0,1,0,0,0,0,0,0,0,0
PPB_YEAST,0.39,0.81,0.35,0.28,0.5,0,0.51,0.45,ME3,3,0,0,0,1,0,0,0,0,0,0
RLA4_YEAST,0.78,0.82,0.56,0.21,0.5,0,0.69,0.22,CYT,0,1,0,0,0,0,0,0,0,0,0
MASY_YEAST,0.42,0.5,0.53,0.22,0.5,0.83,0.5,0.22,POX,8,0,0,0,0,0,0,0,0,1,0
ENO2_YEAST,0.45,0.56,0.53,0.32,0.5,0,0.57,0.22,CYT,0,1,0,0,0,0,0,0,0,0,0
PEP3_YEAST,0.51,0.46,0.49,0.21,0.5,0,0.55,0.22,VAC,7,0,0,0,0,0,0,0,1,0,0
SC66_YEAST,0.39,0.71,0.38,0.14,0.5,0,0.5,0.22,ME2,4,0,0,0,0,1,0,0,0,0,0
RPC1_YEAST,0.56,0.61,0.52,0.19,0.5,0,0.52,0.32,NUC,1,0,1,0,0,0,0,0,0,0,0
YAG3_YEAST,0.88,0.75,0.41,0.36,0.5,0,0.43,0.22,ME2,4,0,0,0,0,1,0,0,0,0,0
DHSA_YEAST,0.56,0.65,0.49,0.56,0.5,0,0.49,0.22,MIT,2,0,0,1,0,0,0,0,0,0,0
IMP1_YEAST,0.67,0.51,0.53,0.28,0.5,0,0.51,0.22,MIT,2,0,0,1,0,0,0,0,0,0,0
RL3B_YEAST,0.43,0.33,0.67,0.12,0.5,0,0.43,0.23,CYT,0,1,0,0,0,0,0,0,0,0,0
COXX_YEAST,0.46,0.43,0.38,0.33,0.5,0,0.48,0.28,MIT,2,0,0,1,0,0,0,0,0,0,0
BCS1_YEAST,0.46,0.38,0.47,0.22,0.5,0,0.52,0.27,MIT,2,0,0,1,0,0,0,0,0,0,0
GCN4_YEAST,0.56,0.54,0.59,0.14,0.5,0,0.52,0.27,NUC,1,0,1,0,0,0,0,0,0,0,0
H4_YEAST,0.37,0.34,0.58,0.24,0.5,0,0.44,0.18,NUC,1,0,1,0,0,0,0,0,0,0,0
STE5_YEAST,0.45,0.57,0.52,0.21,0.5,0,0.54,0.38,NUC,1,0,1,0,0,0,0,0,0,0,0
COX1_YEAST,0.72,0.61,0.37,0.3,0.5,0,0.57,0.22,MIT,2,0,0,1,0,0,0,0,0,0,0
HAP3_YEAST,0.28,0.51,0.55,0.11,0.5,0,0.46,0.22,NUC,1,0,1,0,0,0,0,0,0,0,0
RM33_YEAST,0.57,0.58,0.58,0.35,0.5,0,0.49,0.22,MIT,2,0,0,1,0,0,0,0,0,0,0
6PGD_YEAST,0.74,0.53,0.5,0.08,0.5,0,0.55,0.31,CYT,0,1,0,0,0,0,0,0,0,0,0
H104_YEAST,0.66,0.62,0.52,0.17,0.5,0,0.49,0.22,CYT,0,1,0,0,0,0,0,0,0,0,0
KTR4_YEAST,0.94,0.6,0.33,0.49,0.5,0,0.54,0.22,ME2,4,0,0,0,0,1,0,0,0,0,0
ATPO_YEAST,0.51,0.54,0.6,0.57,0.5,0,0.58,0.22,MIT,2,0,0,1,0,0,0,0,0,0,0
RT02_YEAST,0.57,0.4,0.62,0.3,0.5,0,0.48,0.11,MIT,2,0,0,1,0,0,0,0,0,0,0
SDH3_YEAST,0.54,0.64,0.4,0.56,0.5,0,0.51,0.22,MIT,2,0,0,1,0,0,0,0,0,0,0
YCR3_YEAST,0.69,0.57,0.39,0.19,0.5,0,0.48,0.39,ME2,4,0,0,0,0,1,0,0,0,0,0
RM44_YEAST,0.53,0.52,0.61,0.35,0.5,0,0.5,0.22,MIT,2,0,0,1,0,0,0,0,0,0,0
H2A2_YEAST,0.44,0.53,0.52,0.37,0.5,0,0.5,0.22,NUC,1,0,1,0,0,0,0,0,0,0,0
IF52_YEAST,0.44,0.54,0.51,0.16,0.5,0,0.58,0.22,CYT,0,1,0,0,0,0,0,0,0,0,0
YAP3_YEAST,0.71,0.79,0.41,0.38,0.5,0,0.54,0.22,ME1,5,0,0,0,0,0,1,0,0,0,0
TTP1_YEAST,0.79,0.62,0.35,0.35,0.5,0,0.6,0.28,ME2,4,0,0,0,0,1,0,0,0,0,0
TPS3_YEAST,0.4,0.44,0.5,0.13,0.5,0,0.52,0.39,CYT,0,1,0,0,0,0,0,0,0,0,0
PDR4_YEAST,0.57,0.53,0.6,0.28,0.5,0,0.52,0.45,NUC,1,0,1,0,0,0,0,0,0,0,0
HS77_YEAST,0.51,0.5,0.49,0.45,0.5,0,0.48,0.22,MIT,2,0,0,1,0,0,0,0,0,0,0
YB72_YEAST,0.57,0.52,0.46,0.2,0.5,0.83,0.52,0.41,POX,8,0,0,0,0,0,0,0,0,1,0
SYKC_YEAST,0.43,0.45,0.54,0.14,0.5,0,0.5,0.31,CYT,0,1,0,0,0,0,0,0,0,0,0
SC13_YEAST,0.49,0.38,0.56,0.09,0.5,0,0.46,0.22,CYT,0,1,0,0,0,0,0,0,0,0,0
NPL1_YEAST,0.65,0.66,0.37,0.12,0.5,0,0.52,0.27,ME3,3,0,0,0,1,0,0,0,0,0,0
GSP2_YEAST,0.58,0.48,0.56,0.12,0.5,0,0.46,0.25,NUC,1,0,1,0,0,0,0,0,0,0,0
TRPE_YEAST,0.33,0.46,0.53,0.12,0.5,0,0.5,0.27,CYT,0,1,0,0,0,0,0,0,0,0,0
COXZ_YEAST,0.57,0.57,0.44,0.37,0.5,0,0.52,0.25,MIT,2,0,0,1,0,0,0,0,0,0,0
DCUP_YEAST,0.48,0.34,0.47,0.14,0.5,0,0.47,0.26,CYT,0,1,0,0,0,0,0,0,0,0,0
ARF2_YEAST,0.64,0.56,0.56,0.22,0.5,0,0.45,0.22,CYT,0,1,0,0,0,0,0,0,0,0,0
PRT1_YEAST,0.59,0.46,0.48,0.46,0.5,0,0.49,0.22,CYT,0,1,0,0,0,0,0,0,0,0,0
PAP_YEAST,0.64,0.52,0.5,0.26,0.5,0,0.51,0.31,NUC,1,0,1,0,0,0,0,0,0,0,0
SR72_YEAST,0.56,0.52,0.46,0.17,0.5,0,0.49,0.73,CYT,0,1,0,0,0,0,0,0,0,0,0
GCN1_YEAST,0.41,0.52,0.41,0.11,0.5,0,0.54,0.35,CYT,0,1,0,0,0,0,0,0,0,0,0
RS24_YEAST,0.61,0.38,0.57,0.36,0.5,0,0.44,0.21,CYT,0,1,0,0,0,0,0,0,0,0,0
AMPL_YEAST,0.42,0.32,0.48,0.16,0.5,0,0.55,0.22,VAC,7,0,0,0,0,0,0,0,1,0,0
KTHY_YEAST,0.42,0.43,0.56,0.1,0.5,0,0.49,0.22,CYT,0,1,0,0,0,0,0,0,0,0,0
TCPG_YEAST,0.59,0.51,0.47,0.21,0.5,0,0.47,0.22,CYT,0,1,0,0,0,0,0,0,0,0,0
YKS8_YEAST,0.74,0.75,0.45,0.44,0.5,0,0.52,0.22,POX,8,0,0,0,0,0,0,0,0,1,0
YHY1_YEAST,0.77,0.68,0.35,0.19,0.5,0,0.53,0.43,ME1,5,0,0,0,0,0,1,0,0,0,0
RFA1_YEAST,0.35,0.42,0.56,0.28,0.5,0,0.47,0.22,NUC,1,0,1,0,0,0,0,0,0,0,0
YIN4_YEAST,0.58,0.67,0.49,0.16,0.5,0,0.47,0.28,MIT,2,0,0,1,0,0,0,0,0,0,0
SED4_YEAST,0.52,0.55,0.39,0.09,1,0,0.55,0.25,ME3,3,0,0,0,1,0,0,0,0,0,0
ACON_YEAST,0.6,0.4,0.52,0.46,0.5,0,0.53,0.22,MIT,2,0,0,1,0,0,0,0,0,0,0
UMPK_YEAST,0.47,0.59,0.56,0.09,0.5,0,0.5,0.22,CYT,0,1,0,0,0,0,0,0,0,0,0
PYC2_YEAST,0.43,0.46,0.5,0.21,0.5,0,0.49,0.34,CYT,0,1,0,0,0,0,0,0,0,0,0
ATPB_YEAST,0.43,0.57,0.51,0.49,0.5,0,0.48,0.22,MIT,2,0,0,1,0,0,0,0,0,0,0
RPB4_YEAST,0.38,0.44,0.55,0.44,0.5,0,0.47,0.51,NUC,1,0,1,0,0,0,0,0,0,0,0
SIR1_YEAST,0.45,0.41,0.53,0.49,0.5,0,0.49,0.31,NUC,1,0,1,0,0,0,0,0,0,0,0
YCS7_YEAST,0.31,0.3,0.34,0.19,0.5,0,0.55,0.3,ME3,3,0,0,0,1,0,0,0,0,0,0
SX18_YEAST,0.38,0.58,0.46,0.21,0.5,0,0.52,0.22,NUC,1,0,1,0,0,0,0,0,0,0,0
IF2A_YEAST,0.51,0.59,0.55,0.21,0.5,0,0.52,0.22,CYT,0,1,0,0,0,0,0,0,0,0,0
R104_YEAST,0.44,0.33,0.55,0.16,0.5,0,0.49,0.22,NUC,1,0,1,0,0,0,0,0,0,0,0
PMS1_YEAST,0.38,0.48,0.51,0.13,0.5,0,0.5,0.32,NUC,1,0,1,0,0,0,0,0,0,0,0
RLA3_YEAST,0.73,0.6,0.47,0.2,0.5,0,0.72,0.22,CYT,0,1,0,0,0,0,0,0,0,0,0
LONM_YEAST,0.47,0.54,0.53,0.77,0.5,0,0.52,0.36,MIT,2,0,0,1,0,0,0,0,0,0,0
ILVB_YEAST,0.45,0.59,0.53,0.74,0.5,0,0.47,0.25,MIT,2,0,0,1,0,0,0,0,0,0,0
RS15_YEAST,0.48,0.41,0.52,0.33,0.5,0,0.51,0.26,CYT,0,1,0,0,0,0,0,0,0,0,0
COX2_YEAST,0.59,0.61,0.34,0.22,0.5,0,0.51,0.22,MIT,2,0,0,1,0,0,0,0,0,0,0
HAL1_YEAST,0.38,0.49,0.61,0.13,0.5,0,0.54,0.22,CYT,0,1,0,0,0,0,0,0,0,0,0
TFC1_YEAST,0.54,0.67,0.56,0.15,0.5,0,0.57,0.33,NUC,1,0,1,0,0,0,0,0,0,0,0
RS22_YEAST,0.46,0.39,0.54,0.22,0.5,0,0.48,0.25,CYT,0,1,0,0,0,0,0,0,0,0,0
IF4A_YEAST,0.38,0.42,0.5,0.19,0.5,0,0.44,0.22,CYT,0,1,0,0,0,0,0,0,0,0,0
SC65_YEAST,0.41,0.4,0.56,0.17,0.5,0,0.56,0.22,CYT,0,1,0,0,0,0,0,0,0,0,0
PR02_YEAST,0.3,0.3,0.46,0.32,0.5,0,0.45,0.22,NUC,1,0,1,0,0,0,0,0,0,0,0
PMM_YEAST,0.54,0.51,0.56,0.15,0.5,0,0.54,0.31,CYT,0,1,0,0,0,0,0,0,0,0,0
SKN7_YEAST,0.46,0.56,0.56,0.25,0.5,0,0.43,0.22,NUC,1,0,1,0,0,0,0,0,0,0,0
MDHP_YEAST,0.68,0.58,0.51,0.19,0.5,0.83,0.54,0.22,POX,8,0,0,0,0,0,0,0,0,1,0
ARD1_YEAST,0.56,0.48,0.58,0.27,0.5,0,0.51,0.22,CYT,0,1,0,0,0,0,0,0,0,0,0
YHN8_YEAST,0.86,0.78,0.34,0.15,0.5,0,0.53,0.22,ME2,4,0,0,0,0,1,0,0,0,0,0
NUP2_YEAST,0.25,0.36,0.58,0.3,0.5,0,0.58,0.31,NUC,1,0,1,0,0,0,0,0,0,0,0
PPR1_YEAST,0.42,0.28,0.51,0.23,0.5,0,0.53,0.27,NUC,1,0,1,0,0,0,0,0,0,0,0
RL3E_YEAST,0.58,0.44,0.5,0.26,0.5,0,0.52,0.22,CYT,0,1,0,0,0,0,0,0,0,0,0
PGM2_YEAST,0.28,0.36,0.55,0.15,0.5,0,0.57,0.22,CYT,0,1,0,0,0,0,0,0,0,0,0
TOA2_YEAST,0.52,0.49,0.59,0.21,0.5,0,0.47,0.22,NUC,1,0,1,0,0,0,0,0,0,0,0
TRP_YEAST,0.48,0.44,0.51,0.24,0.5,0,0.49,0.22,CYT,0,1,0,0,0,0,0,0,0,0,0
UBC6_YEAST,0.43,0.48,0.36,0.26,0.5,0,0.52,0.22,ME3,3,0,0,0,1,0,0,0,0,0,0
SUL1_YEAST,0.43,0.28,0.41,0.32,0.5,0,0.52,0.22,ME3,3,0,0,0,1,0,0,0,0,0,0
RAM2_YEAST,0.4,0.6,0.5,0.16,0.5,0,0.51,0.22,CYT,0,1,0,0,0,0,0,0,0,0,0
PH84_YEAST,0.38,0.45,0.37,0.19,0.5,0,0.52,0.3,ME3,3,0,0,0,1,0,0,0,0,0,0
MA3R_YEAST,0.33,0.37,0.54,0.28,0.5,0,0.53,0.27,NUC,1,0,1,0,0,0,0,0,0,0,0
YPT7_YEAST,0.61,0.48,0.54,0.25,0.5,0,0.5,0.22,CYT,0,1,0,0,0,0,0,0,0,0,0
YB32_YEAST,0.4,0.44,0.47,0.25,0.5,0,0.54,0.56,NUC,1,0,1,0,0,0,0,0,0,0,0
MFA3_YEAST,0.8,0.81,0.55,0.35,0.5,0,0.42,0.22,EXC,6,0,0,0,0,0,0,1,0,0,0
THDH_YEAST,0.5,0.53,0.45,0.44,0.5,0,0.49,0.22,MIT,2,0,0,1,0,0,0,0,0,0,0
NOT3_YEAST,0.45,0.21,0.49,0.24,0.5,0,0.46,0.31,NUC,1,0,1,0,0,0,0,0,0,0,0
CHI2_YEAST,0.82,0.75,0.54,0.23,0.5,0,0.46,0.22,EXC,6,0,0,0,0,0,0,1,0,0,0
ERG4_YEAST,0.36,0.46,0.43,0.19,0.5,0,0.48,0.22,ME3,3,0,0,0,1,0,0,0,0,0,0
ATC4_YEAST,0.51,0.55,0.35,0.16,0.5,0,0.51,0.47,ME3,3,0,0,0,1,0,0,0,0,0,0
MFA2_YEAST,0.46,0.42,0.6,0.21,0.5,0,0.4,0.22,EXC,6,0,0,0,0,0,0,1,0,0,0
RS11_YEAST,0.38,0.34,0.55,0.44,0.5,0,0.48,0.26,CYT,0,1,0,0,0,0,0,0,0,0,0
HXKB_YEAST,0.41,0.43,0.5,0.28,0.5,0,0.5,0.22,CYT,0,1,0,0,0,0,0,0,0,0,0
VP34_YEAST,0.57,0.47,0.48,0.17,0.5,0,0.52,0.26,VAC,7,0,0,0,0,0,0,0,1,0,0
SEN2_YEAST,0.48,0.5,0.47,0.29,0.5,0,0.46,0.27,NUC,1,0,1,0,0,0,0,0,0,0,0
SCA1_YEAST,0.47,0.32,0.51,0.24,0.5,0,0.54,0.27,NUC,1,0,1,0,0,0,0,0,0,0,0
RNC1_YEAST,0.47,0.47,0.5,0.15,0.5,0,0.5,0.48,NUC,1,0,1,0,0,0,0,0,0,0,0
PES4_YEAST,0.67,0.46,0.58,0.3,0.5,0,0.57,0.27,NUC,1,0,1,0,0,0,0,0,0,0,0
RS6_YEAST,0.46,0.33,0.45,0.22,0.5,0,0.41,0.37,CYT,0,1,0,0,0,0,0,0,0,0,0
SKI3_YEAST,0.32,0.6,0.48,0.13,0.5,0,0.53,0.22,NUC,1,0,1,0,0,0,0,0,0,0,0
TSM1_YEAST,0.5,0.5,0.48,0.34,0.5,0,0.52,0.27,NUC,1,0,1,0,0,0,0,0,0,0,0
RL41_YEAST,0.35,0.21,1,0.8,0.5,0,0.13,0.01,CYT,0,1,0,0,0,0,0,0,0,0,0
C1TM_YEAST,0.45,0.73,0.47,0.65,0.5,0,0.54,0.43,MIT,2,0,0,1,0,0,0,0,0,0,0
FDFT_YEAST,0.53,0.68,0.42,0.19,0.5,0,0.53,0.22,ME3,3,0,0,0,1,0,0,0,0,0,0
DNLI_YEAST,0.67,0.71,0.52,0.65,0.5,0,0.53,0.36,NUC,1,0,1,0,0,0,0,0,0,0,0
R29B_YEAST,0.38,0.4,0.66,0.35,0.5,0,0.43,0.11,CYT,0,1,0,0,0,0,0,0,0,0,0
LAS1_YEAST,0.43,0.38,0.51,0.24,0.5,0,0.46,0.33,NUC,1,0,1,0,0,0,0,0,0,0,0
UNG_YEAST,0.53,0.44,0.54,0.52,0.5,0,0.49,0.38,NUC,1,0,1,0,0,0,0,0,0,0,0
SC15_YEAST,0.55,0.55,0.52,0.13,0.5,0,0.53,0.25,CYT,0,1,0,0,0,0,0,0,0,0,0
CALB_YEAST,0.37,0.42,0.51,0.11,0.5,0,0.57,0.22,CYT,0,1,0,0,0,0,0,0,0,0,0
EF1A_YEAST,0.63,0.43,0.48,0.11,0.5,0,0.51,0.22,CYT,0,1,0,0,0,0,0,0,0,0,0
YJ16_YEAST,0.5,0.45,0.49,0.3,0.5,0,0.47,0.4,NUC,1,0,1,0,0,0,0,0,0,0,0
RCA1_YEAST,0.41,0.41,0.43,0.61,0.5,0,0.53,0.22,MIT,2,0,0,1,0,0,0,0,0,0,0
YMC2_YEAST,0.38,0.47,0.47,0.18,0.5,0,0.44,0.26,MIT,2,0,0,1,0,0,0,0,0,0,0
MCM2_YEAST,0.26,0.38,0.52,0.36,0.5,0,0.48,0.56,NUC,1,0,1,0,0,0,0,0,0,0,0
ALG1_YEAST,0.86,0.68,0.39,0.24,0.5,0,0.54,0.22,ME2,4,0,0,0,0,1,0,0,0,0,0
ODPA_YEAST,0.6,0.54,0.54,0.53,0.5,0,0.52,0.27,MIT,2,0,0,1,0,0,0,0,0,0,0
ALG8_YEAST,0.41,0.54,0.39,0.2,0.5,0,0.51,0.22,ME3,3,0,0,0,1,0,0,0,0,0,0
RA54_YEAST,0.43,0.41,0.51,0.34,0.5,0,0.49,0.28,NUC,1,0,1,0,0,0,0,0,0,0,0
GAL2_YEAST,0.44,0.51,0.37,0.15,0.5,0,0.51,0.22,ME3,3,0,0,0,1,0,0,0,0,0,0
ATP7_YEAST,0.54,0.52,0.63,0.37,0.5,0,0.46,0.22,MIT,2,0,0,1,0,0,0,0,0,0,0
T2EA_YEAST,0.55,0.79,0.45,0.25,0.5,0,0.51,0.22,NUC,1,0,1,0,0,0,0,0,0,0,0
CC6_YEAST,0.41,0.39,0.44,0.34,0.5,0,0.48,0.4,NUC,1,0,1,0,0,0,0,0,0,0,0
YP53_YEAST,0.71,0.5,0.5,0.18,0.5,0,0.46,0.22,CYT,0,1,0,0,0,0,0,0,0,0,0
SOF1_YEAST,0.36,0.32,0.55,0.27,0.5,0,0.47,0.43,NUC,1,0,1,0,0,0,0,0,0,0,0
MYS4_YEAST,0.43,0.4,0.5,0.18,0.5,0,0.5,0.28,CYT,0,1,0,0,0,0,0,0,0,0,0
MYS1_YEAST,0.58,0.38,0.4,0.21,0.5,0,0.5,0.22,CYT,0,1,0,0,0,0,0,0,0,0,0
GCN5_YEAST,0.31,0.31,0.54,0.18,0.5,0,0.52,0.29,NUC,1,0,1,0,0,0,0,0,0,0,0
IPPI_YEAST,0.51,0.43,0.63,0.18,0.5,0,0.52,0.22,CYT,0,1,0,0,0,0,0,0,0,0,0
BUD5_YEAST,0.47,0.52,0.5,0.4,0.5,0,0.41,0.22,CYT,0,1,0,0,0,0,0,0,0,0,0
SON1_YEAST,0.4,0.39,0.6,0.23,0.5,0,0.52,0.31,NUC,1,0,1,0,0,0,0,0,0,0,0
MRS3_YEAST,0.54,0.64,0.5,0.13,0.5,0,0.49,0.22,MIT,2,0,0,1,0,0,0,0,0,0,0
CIN8_YEAST,0.21,0.41,0.55,0.11,0.5,0,0.5,0.27,CYT,0,1,0,0,0,0,0,0,0,0,0
YHY0_YEAST,0.82,0.63,0.47,0.18,0.5,0,0.5,0.22,POX,8,0,0,0,0,0,0,0,0,1,0
SRD1_YEAST,0.53,0.25,0.59,0.27,0.5,0,0.45,0.26,NUC,1,0,1,0,0,0,0,0,0,0,0
IRA2_YEAST,0.4,0.45,0.42,0.17,0.5,0,0.54,0.26,ME3,3,0,0,0,1,0,0,0,0,0,0
MDHM_YEAST,0.58,0.49,0.5,0.41,0.5,0,0.57,0.22,MIT,2,0,0,1,0,0,0,0,0,0,0
MSN2_YEAST,0.53,0.4,0.57,0.12,0.5,0,0.53,0.32,NUC,1,0,1,0,0,0,0,0,0,0,0
SYG_YEAST,0.4,0.48,0.5,0.17,0.5,0,0.54,0.5,CYT,0,1,0,0,0,0,0,0,0,0,0
YCZ6_YEAST,0.58,0.44,0.45,0.32,0.5,0,0.52,0.37,NUC,1,0,1,0,0,0,0,0,0,0,0
MAT2_YEAST,0.51,0.48,0.58,0.22,0.5,0,0.5,0.28,NUC,1,0,1,0,0,0,0,0,0,0,0
DPSD_YEAST,0.51,0.46,0.4,0.65,0.5,0,0.49,0.22,MIT,2,0,0,1,0,0,0,0,0,0,0
TRAM_YEAST,0.47,0.52,0.54,0.25,0.5,0,0.54,0.29,MIT,2,0,0,1,0,0,0,0,0,0,0
SRS2_YEAST,0.51,0.61,0.5,0.23,0.5,0,0.52,0.61,NUC,1,0,1,0,0,0,0,0,0,0,0
LEU1_YEAST,0.52,0.62,0.54,0.19,0.5,0,0.5,0.22,MIT,2,0,0,1,0,0,0,0,0,0,0
DAL5_YEAST,0.34,0.42,0.3,0.23,0.5,0,0.53,0.22,ME3,3,0,0,0,1,0,0,0,0,0,0
SPA2_YEAST,0.5,0.45,0.51,0.19,0.5,0,0.53,0.25,CYT,0,1,0,0,0,0,0,0,0,0,0
RM08_YEAST,0.55,0.5,0.6,0.31,0.5,0,0.46,0.27,MIT,2,0,0,1,0,0,0,0,0,0,0
SYG1_YEAST,0.31,0.51,0.38,0.18,0.5,0,0.46,0.31,ME3,3,0,0,0,1,0,0,0,0,0,0
IF2G_YEAST,0.51,0.35,0.46,0.15,0.5,0,0.51,0.42,CYT,0,1,0,0,0,0,0,0,0,0,0
FET4_YEAST,0.39,0.44,0.28,0.12,0.5,0,0.46,0.27,ME3,3,0,0,0,1,0,0,0,0,0,0
STH1_YEAST,0.66,0.65,0.53,0.17,0.5,0,0.47,0.66,NUC,1,0,1,0,0,0,0,0,0,0,0
SMY2_YEAST,0.6,0.64,0.56,0.36,0.5,0,0.46,0.27,CYT,0,1,0,0,0,0,0,0,0,0,0
RL12_YEAST,0.59,0.51,0.48,0.12,0.5,0,0.54,0.31,CYT,0,1,0,0,0,0,0,0,0,0,0
TRM1_YEAST,0.53,0.45,0.52,0.29,0.5,0,0.55,0.38,MIT,2,0,0,1,0,0,0,0,0,0,0
PDI_YEAST,0.7,0.84,0.49,0.28,1,0,0.58,0.22,ERL,9,0,0,0,0,0,0,0,0,0,1
MA3S_YEAST,0.39,0.37,0.56,0.15,0.5,0,0.5,0.27,CYT,0,1,0,0,0,0,0,0,0,0,0
COXE_YEAST,0.49,0.46,0.45,0.45,0.5,0,0.52,0.22,MIT,2,0,0,1,0,0,0,0,0,0,0
MS51_YEAST,0.55,0.53,0.54,0.4,0.5,0,0.48,0.22,MIT,2,0,0,1,0,0,0,0,0,0,0
DCP3_YEAST,0.52,0.46,0.51,0.18,0.5,0,0.5,0.22,CYT,0,1,0,0,0,0,0,0,0,0,0
INO1_YEAST,0.51,0.34,0.43,0.18,0.5,0,0.48,0.25,CYT,0,1,0,0,0,0,0,0,0,0,0
PT91_YEAST,0.59,0.45,0.58,0.21,0.5,0,0.49,0.22,MIT,2,0,0,1,0,0,0,0,0,0,0
CH10_YEAST,0.55,0.53,0.56,0.29,0.5,0,0.48,0.22,MIT,2,0,0,1,0,0,0,0,0,0,0
SLN1_YEAST,0.52,0.65,0.36,0.37,0.5,0,0.52,0.34,ME3,3,0,0,0,1,0,0,0,0,0,0
YKN4_YEAST,0.46,0.62,0.46,0.54,0.5,0,0.51,0.27,MIT,2,0,0,1,0,0,0,0,0,0,0
PHR_YEAST,0.5,0.42,0.57,0.49,0.5,0,0.48,0.27,NUC,1,0,1,0,0,0,0,0,0,0,0
COXB_YEAST,0.5,0.41,0.44,0.5,0.5,0,0.42,0.22,MIT,2,0,0,1,0,0,0,0,0,0,0
RM49_YEAST,0.5,0.46,0.64,0.36,0.5,0,0.49,0.22,MIT,2,0,0,1,0,0,0,0,0,0,0
YNE2_YEAST,0.44,0.41,0.29,0.21,0.5,0,0.49,0.22,ME3,3,0,0,0,1,0,0,0,0,0,0
THRC_YEAST,0.54,0.55,0.55,0.4,0.5,0,0.53,0.22,CYT,0,1,0,0,0,0,0,0,0,0,0
CAPA_YEAST,0.42,0.35,0.54,0.18,0.5,0,0.56,0.22,CYT,0,1,0,0,0,0,0,0,0,0,0
GCY_YEAST,0.6,0.4,0.59,0.18,0.5,0,0.48,0.22,CYT,0,1,0,0,0,0,0,0,0,0,0
EUG1_YEAST,0.77,0.8,0.51,0.4,1,0,0.54,0.22,ERL,9,0,0,0,0,0,0,0,0,0,1
TCTP_YEAST,0.47,0.38,0.58,0.19,0.5,0,0.57,0.22,CYT,0,1,0,0,0,0,0,0,0,0,0
MRS2_YEAST,0.55,0.59,0.47,0.64,0.5,0,0.54,0.33,MIT,2,0,0,1,0,0,0,0,0,0,0
UCR6_YEAST,0.64,0.53,0.59,0.14,0.5,0,0.53,0.22,MIT,2,0,0,1,0,0,0,0,0,0,0
ALP1_YEAST,0.42,0.24,0.34,0.16,0.5,0,0.5,0.22,ME3,3,0,0,0,1,0,0,0,0,0,0
RIM2_YEAST,0.45,0.43,0.5,0.25,0.5,0,0.47,0.22,MIT,2,0,0,1,0,0,0,0,0,0,0
YHE0_YEAST,0.39,0.33,0.33,0.23,0.5,0,0.47,0.22,ME3,3,0,0,0,1,0,0,0,0,0,0
NHPA_YEAST,0.39,0.34,0.68,0.3,0.5,0,0.5,0.29,NUC,1,0,1,0,0,0,0,0,0,0,0
K6P1_YEAST,0.57,0.49,0.5,0.2,0.5,0,0.51,0.28,CYT,0,1,0,0,0,0,0,0,0,0,0
MT17_YEAST,0.34,0.54,0.54,0.13,0.5,0,0.52,0.22,CYT,0,1,0,0,0,0,0,0,0,0,0
VAC1_YEAST,0.55,0.44,0.5,0.09,0.5,0,0.55,0.22,VAC,7,0,0,0,0,0,0,0,1,0,0
NAT2_YEAST,0.59,0.58,0.39,0.52,0.5,0,0.5,0.31,CYT,0,1,0,0,0,0,0,0,0,0,0
DPO2_YEAST,0.54,0.53,0.48,0.14,0.5,0,0.49,0.33,NUC,1,0,1,0,0,0,0,0,0,0,0
POB1_YEAST,0.49,0.48,0.52,0.2,0.5,0,0.55,0.22,NUC,1,0,1,0,0,0,0,0,0,0,0
RL15_YEAST,0.46,0.35,0.69,0.18,0.5,0,0.3,0.25,CYT,0,1,0,0,0,0,0,0,0,0,0
SIR2_YEAST,0.42,0.28,0.49,0.22,0.5,0,0.55,0.34,NUC,1,0,1,0,0,0,0,0,0,0,0
RL19_YEAST,0.72,0.37,0.63,0.38,0.5,0,0.4,0.14,CYT,0,1,0,0,0,0,0,0,0,0,0
ERG7_YEAST,0.34,0.38,0.45,0.19,0.5,0,0.51,0.22,ME2,4,0,0,0,0,1,0,0,0,0,0
INO2_YEAST,0.56,0.45,0.59,0.14,0.5,0,0.51,0.26,NUC,1,0,1,0,0,0,0,0,0,0,0
FET3_YEAST,0.54,0.55,0.42,0.22,0.5,0,0.48,0.22,ME3,3,0,0,0,1,0,0,0,0,0,0
RA57_YEAST,0.41,0.52,0.56,0.26,0.5,0,0.48,0.32,NUC,1,0,1,0,0,0,0,0,0,0,0
SFL1_YEAST,0.49,0.49,0.52,0.18,0.5,0,0.51,0.25,NUC,1,0,1,0,0,0,0,0,0,0,0
YJ13_YEAST,0.68,0.5,0.43,0.27,0.5,0,0.61,0.22,ME2,4,0,0,0,0,1,0,0,0,0,0
RA52_YEAST,0.31,0.39,0.55,0.28,0.5,0,0.46,0.31,NUC,1,0,1,0,0,0,0,0,0,0,0
RPA9_YEAST,0.72,0.51,0.52,0.08,0.5,0,0.54,0.22,NUC,1,0,1,0,0,0,0,0,0,0,0
ADA3_YEAST,0.33,0.46,0.53,0.29,0.5,0,0.5,0.55,NUC,1,0,1,0,0,0,0,0,0,0,0
SIN4_YEAST,0.45,0.65,0.51,0.17,0.5,0,0.49,0.22,NUC,1,0,1,0,0,0,0,0,0,0,0
PPA1_YEAST,0.66,0.55,0.34,0.2,0.5,0,0.62,0.22,ME3,3,0,0,0,1,0,0,0,0,0,0
NFS1_YEAST,0.48,0.54,0.53,0.6,0.5,0,0.53,0.31,NUC,1,0,1,0,0,0,0,0,0,0,0
SIC1_YEAST,0.42,0.43,0.67,0.7,0.5,0,0.42,0.25,CYT,0,1,0,0,0,0,0,0,0,0,0
CNA1_YEAST,0.55,0.59,0.52,0.1,0.5,0,0.53,0.22,CYT,0,1,0,0,0,0,0,0,0,0,0
SKN1_YEAST,0.38,0.42,0.31,0.35,0.5,0,0.52,0.22,ME3,3,0,0,0,1,0,0,0,0,0,0
SUP2_YEAST,0.23,0.29,0.46,0,0.5,0,0.43,0.31,CYT,0,1,0,0,0,0,0,0,0,0,0
ADP1_YEAST,0.8,0.88,0.36,0.39,0.5,0,0.56,0.33,ME1,5,0,0,0,0,0,1,0,0,0,0
MD10_YEAST,0.32,0.47,0.55,0.25,0.5,0,0.49,0.22,MIT,2,0,0,1,0,0,0,0,0,0,0
PR04_YEAST,0.34,0.35,0.58,0.2,0.5,0,0.46,0.32,NUC,1,0,1,0,0,0,0,0,0,0,0
CG13_YEAST,0.43,0.57,0.53,0.53,0.5,0,0.53,0.25,CYT,0,1,0,0,0,0,0,0,0,0,0
OPI1_YEAST,0.58,0.51,0.56,0.16,0.5,0,0.34,0.22,NUC,1,0,1,0,0,0,0,0,0,0,0
PDI_YEAST,0.7,0.84,0.49,0.28,1,0,0.58,0.22,ERL,9,0,0,0,0,0,0,0,0,0,1
AP19_YEAST,0.5,0.47,0.56,0.31,0.5,0,0.56,0.26,CYT,0,1,0,0,0,0,0,0,0,0,0
SNF5_YEAST,0.66,0.43,0.57,0.6,0.5,0,0.19,0.33,NUC,1,0,1,0,0,0,0,0,0,0,0
SP10_YEAST,0.27,0.46,0.52,0.17,0.5,0,0.49,0.44,NUC,1,0,1,0,0,0,0,0,0,0,0
HS60_YEAST,0.45,0.56,0.51,0.64,0.5,0,0.54,0.22,MIT,2,0,0,1,0,0,0,0,0,0,0
YCS4_YEAST,0.51,0.38,0.42,0.21,0.5,0,0.46,0.34,ME3,3,0,0,0,1,0,0,0,0,0,0
YK42_YEAST,0.58,0.51,0.63,0.2,0.5,0,0.5,0.42,NUC,1,0,1,0,0,0,0,0,0,0,0
SKO1_YEAST,0.47,0.55,0.57,0.17,0.5,0,0.52,0.66,NUC,1,0,1,0,0,0,0,0,0,0,0
NAB1_YEAST,0.49,0.6,0.55,0.17,0.5,0,0.44,0.22,CYT,0,1,0,0,0,0,0,0,0,0,0
R141_YEAST,0.57,0.41,0.59,0.24,0.5,0,0.4,0.22,CYT,0,1,0,0,0,0,0,0,0,0,0
PHO2_YEAST,0.4,0.34,0.52,0.17,0.5,0,0.47,0.51,NUC,1,0,1,0,0,0,0,0,0,0,0
MA3T_YEAST,0.39,0.37,0.33,0.23,0.5,0,0.53,0.26,ME3,3,0,0,0,1,0,0,0,0,0,0
RNA1_YEAST,0.45,0.52,0.5,0.12,0.5,0,0.6,0.22,CYT,0,1,0,0,0,0,0,0,0,0,0
MLP1_YEAST,0.46,0.55,0.61,0.13,0.5,0,0.47,0.22,CYT,0,1,0,0,0,0,0,0,0,0,0
GPT_YEAST,0.79,0.57,0.41,0.28,0.5,0,0.59,0.22,ME2,4,0,0,0,0,1,0,0,0,0,0
IDHP_YEAST,0.51,0.52,0.48,0.5,0.5,0,0.51,0.22,MIT,2,0,0,1,0,0,0,0,0,0,0
NUC1_YEAST,0.75,0.67,0.51,0.29,0.5,0,0.52,0.36,MIT,2,0,0,1,0,0,0,0,0,0,0
KIN1_YEAST,0.48,0.43,0.45,0.17,0.5,0,0.48,0.37,ME3,3,0,0,0,1,0,0,0,0,0,0
AFG3_YEAST,0.51,0.51,0.43,0.87,0.5,0,0.52,0.22,MIT,2,0,0,1,0,0,0,0,0,0,0
YCW2_YEAST,0.54,0.54,0.56,0.18,0.5,0,0.46,0.29,NUC,1,0,1,0,0,0,0,0,0,0,0
NOP2_YEAST,0.43,0.28,0.53,0.34,0.5,0,0.55,0.57,NUC,1,0,1,0,0,0,0,0,0,0,0
CAP2_YEAST,0.47,0.39,0.55,0.24,0.5,0,0.47,0.22,CYT,0,1,0,0,0,0,0,0,0,0,0
MDM1_YEAST,0.49,0.44,0.45,0.22,0.5,0,0.51,0.22,CYT,0,1,0,0,0,0,0,0,0,0,0
SYAC_YEAST,0.4,0.45,0.57,0.18,0.5,0,0.56,0.26,CYT,0,1,0,0,0,0,0,0,0,0,0
RS8_YEAST,0.37,0.3,0.62,0.43,0.5,0,0.44,0.39,CYT,0,1,0,0,0,0,0,0,0,0,0
ATC2_YEAST,0.53,0.51,0.36,0.13,0.5,0,0.52,0.22,ME3,3,0,0,0,1,0,0,0,0,0,0
PE12_YEAST,0.28,0.46,0.26,0.18,0.5,0,0.39,0.22,VAC,7,0,0,0,0,0,0,0,1,0,0
SLY4_YEAST,0.4,0.43,0.36,0.33,0.5,0,0.51,0.22,ME3,3,0,0,0,1,0,0,0,0,0,0
ADA2_YEAST,0.61,0.6,0.55,0.21,0.5,0,0.5,0.25,NUC,1,0,1,0,0,0,0,0,0,0,0
PYRD_YEAST,0.48,0.39,0.56,0.23,0.5,0,0.6,0.22,CYT,0,1,0,0,0,0,0,0,0,0,0
N100_YEAST,0.9,0.54,0.59,0.2,0.5,0,0.48,0.22,NUC,1,0,1,0,0,0,0,0,0,0,0
UBC4_YEAST,0.47,0.46,0.49,0.27,0.5,0,0.59,0.22,CYT,0,1,0,0,0,0,0,0,0,0,0
CYC1_YEAST,0.46,0.54,0.71,0.15,0.5,0,0.59,0.22,MIT,2,0,0,1,0,0,0,0,0,0,0
PTR2_YEAST,0.36,0.33,0.38,0.15,0.5,0,0.55,0.36,ME3,3,0,0,0,1,0,0,0,0,0,0
MASZ_YEAST,0.44,0.53,0.52,0.23,0.5,0.83,0.51,0.22,POX,8,0,0,0,0,0,0,0,0,1,0
CYC2_YEAST,0.4,0.56,0.48,0.14,0.5,0,0.47,0.22,MIT,2,0,0,1,0,0,0,0,0,0,0
ADB2_YEAST,0.48,0.39,0.51,0.21,0.5,0,0.52,0.28,CYT,0,1,0,0,0,0,0,0,0,0,0
YAF3_YEAST,0.77,0.78,0.27,0.37,0.5,0,0.49,0.22,ME1,5,0,0,0,0,0,1,0,0,0,0
HPR1_YEAST,0.5,0.45,0.49,0.15,0.5,0,0.55,0.43,NUC,1,0,1,0,0,0,0,0,0,0,0
SRB6_YEAST,0.55,0.47,0.53,0.2,0.5,0,0.4,0.22,NUC,1,0,1,0,0,0,0,0,0,0,0
RPA1_YEAST,0.56,0.49,0.54,0.15,0.5,0,0.5,0.35,NUC,1,0,1,0,0,0,0,0,0,0,0
RAD2_YEAST,0.39,0.44,0.54,0.24,0.5,0,0.51,0.49,NUC,1,0,1,0,0,0,0,0,0,0,0
ADT3_YEAST,0.64,0.62,0.49,0.15,0.5,0,0.53,0.22,MIT,2,0,0,1,0,0,0,0,0,0,0
TREA_YEAST,0.29,0.34,0.55,0.24,0.5,0,0.51,0.22,CYT,0,1,0,0,0,0,0,0,0,0,0
PR38_YEAST,0.52,0.37,0.48,0.13,0.5,0,0.55,0.22,NUC,1,0,1,0,0,0,0,0,0,0,0
HR25_YEAST,0.43,0.39,0.51,0.28,0.5,0,0.4,0.22,NUC,1,0,1,0,0,0,0,0,0,0,0
YJ51_YEAST,0.81,0.76,0.32,0.37,0.5,0,0.51,0.22,ME2,4,0,0,0,0,1,0,0,0,0,0
ST12_YEAST,0.38,0.51,0.56,0.21,0.5,0,0.48,0.31,NUC,1,0,1,0,0,0,0,0,0,0,0
GDI1_YEAST,0.64,0.53,0.45,0.13,0.5,0,0.53,0.22,CYT,0,1,0,0,0,0,0,0,0,0,0
SYSC_YEAST,0.3,0.33,0.55,0.12,0.5,0,0.53,0.38,CYT,0,1,0,0,0,0,0,0,0,0,0
TOP1_YEAST,0.41,0.42,0.53,0.17,0.5,0,0.48,0.58,NUC,1,0,1,0,0,0,0,0,0,0,0
RA14_YEAST,0.39,0.16,0.59,0.08,0.5,0,0.51,0.27,NUC,1,0,1,0,0,0,0,0,0,0,0
LEU2_YEAST,0.51,0.43,0.47,0.19,0.5,0,0.52,0.37,CYT,0,1,0,0,0,0,0,0,0,0,0
DLDH_YEAST,0.48,0.48,0.5,0.47,0.5,0,0.55,0.22,MIT,2,0,0,1,0,0,0,0,0,0,0
RT05_YEAST,0.38,0.54,0.54,0.41,0.5,0,0.51,0.22,MIT,2,0,0,1,0,0,0,0,0,0,0
CARA_YEAST,0.53,0.51,0.46,0.28,0.5,0,0.48,0.22,CYT,0,1,0,0,0,0,0,0,0,0,0
IMP2_YEAST,0.35,0.49,0.47,0.22,0.5,0,0.5,0.28,MIT,2,0,0,1,0,0,0,0,0,0,0
YBC4_YEAST,0.32,0.3,0.57,0.38,0.5,0,0.5,0.25,NUC,1,0,1,0,0,0,0,0,0,0,0
SC21_YEAST,0.44,0.71,0.5,0.21,0.5,0,0.54,0.27,CYT,0,1,0,0,0,0,0,0,0,0,0
KIP1_YEAST,0.43,0.52,0.53,0.52,1,0,0.49,0.22,CYT,0,1,0,0,0,0,0,0,0,0,0
TRPG_YEAST,0.57,0.36,0.51,0.25,0.5,0,0.54,0.25,CYT,0,1,0,0,0,0,0,0,0,0,0
TF3A_YEAST,0.41,0.59,0.65,0.14,0.5,0,0.49,0.33,NUC,1,0,1,0,0,0,0,0,0,0,0
RM09_YEAST,0.58,0.53,0.57,0.46,0.5,0,0.51,0.27,MIT,2,0,0,1,0,0,0,0,0,0,0
RL34_YEAST,0.38,0.43,0.53,0.22,0.5,0,0.48,0.11,CYT,0,1,0,0,0,0,0,0,0,0,0
PRTB_YEAST,0.75,0.69,0.48,0.13,0.5,0,0.57,0.4,VAC,7,0,0,0,0,0,0,0,1,0,0
NAP1_YEAST,0.36,0.39,0.55,0.26,0.5,0,0.49,0.22,NUC,1,0,1,0,0,0,0,0,0,0,0
LY14_YEAST,0.44,0.53,0.43,0.17,0.5,0,0.54,0.75,NUC,1,0,1,0,0,0,0,0,0,0,0
UCR9_YEAST,0.68,0.53,0.44,0.31,0.5,0,0.51,0.22,MIT,2,0,0,1,0,0,0,0,0,0,0
DBR1_YEAST,0.55,0.54,0.56,0.22,0.5,0,0.5,0.37,NUC,1,0,1,0,0,0,0,0,0,0,0
YBC6_YEAST,0.54,0.6,0.57,0.17,0.5,0,0.44,0.22,NUC,1,0,1,0,0,0,0,0,0,0,0
PH80_YEAST,0.53,0.54,0.43,0.18,0.5,0,0.53,0.31,NUC,1,0,1,0,0,0,0,0,0,0,0
GPDM_YEAST,0.69,0.5,0.49,0.42,0.5,0,0.49,0.22,MIT,2,0,0,1,0,0,0,0,0,0,0
IPY2_YEAST,0.42,0.65,0.58,0.34,0.5,0,0.5,0.22,MIT,2,0,0,1,0,0,0,0,0,0,0
NOP4_YEAST,0.33,0.48,0.55,0.16,0.5,0,0.53,0.75,NUC,1,0,1,0,0,0,0,0,0,0,0
R13A_YEAST,0.54,0.55,0.56,0.14,0.5,0,0.5,0.25,CYT,0,1,0,0,0,0,0,0,0,0,0
ACE2_YEAST,0.42,0.37,0.59,0.2,0.5,0,0.52,0.29,NUC,1,0,1,0,0,0,0,0,0,0,0
SNF2_YEAST,0.33,0.47,0.55,0.24,0.5,0,0.45,0.67,NUC,1,0,1,0,0,0,0,0,0,0,0
RRN7_YEAST,0.42,0.38,0.52,0.29,0.5,0,0.42,0.22,NUC,1,0,1,0,0,0,0,0,0,0,0
DBF4_YEAST,0.35,0.4,0.59,0.22,0.5,0,0.47,0.37,NUC,1,0,1,0,0,0,0,0,0,0,0
PT22_YEAST,0.56,0.68,0.52,0.39,0.5,0,0.36,0.22,MIT,2,0,0,1,0,0,0,0,0,0,0
CC24_YEAST,0.34,0.54,0.5,0.21,0.5,0,0.54,0.31,CYT,0,1,0,0,0,0,0,0,0,0,0
PGD1_YEAST,0.41,0.48,0.54,0.24,0.5,0,0.37,0.51,NUC,1,0,1,0,0,0,0,0,0,0,0
ADT1_YEAST,0.58,0.61,0.47,0.13,0.5,0,0.48,0.22,MIT,2,0,0,1,0,0,0,0,0,0,0
NOT1_YEAST,0.37,0.46,0.4,0.27,0.5,0,0.45,0.22,NUC,1,0,1,0,0,0,0,0,0,0,0
COX3_YEAST,0.52,0.77,0.38,0.34,0.5,0,0.51,0.22,MIT,2,0,0,1,0,0,0,0,0,0,0
SOK1_YEAST,0.46,0.41,0.45,0.23,0.5,0,0.48,0.22,NUC,1,0,1,0,0,0,0,0,0,0,0
RFC1_YEAST,0.26,0.36,0.47,0.34,0.5,0,0.53,0.72,NUC,1,0,1,0,0,0,0,0,0,0,0
SX19_YEAST,0.32,0.68,0.51,0.16,0.5,0.83,0.55,0.22,POX,8,0,0,0,0,0,0,0,0,1,0
H3_YEAST,0.39,0.39,0.55,0.52,0.5,0,0.37,0.16,NUC,1,0,1,0,0,0,0,0,0,0,0
PMGY_YEAST,0.55,0.41,0.56,0.21,0.5,0,0.52,0.22,CYT,0,1,0,0,0,0,0,0,0,0,0
MPP2_YEAST,0.5,0.62,0.54,0.66,0.5,0,0.49,0.22,MIT,2,0,0,1,0,0,0,0,0,0,0
CYAA_YEAST,0.2,0.26,0.52,0.14,0.5,0,0.53,0.44,CYT,0,1,0,0,0,0,0,0,0,0,0
SEC8_YEAST,0.48,0.51,0.5,0.24,0.5,0,0.54,0.38,CYT,0,1,0,0,0,0,0,0,0,0,0
PPAB_YEAST,0.74,0.72,0.5,0.28,0.5,0,0.5,0.27,EXC,6,0,0,0,0,0,0,1,0,0,0
TKT2_YEAST,0.55,0.69,0.51,0.12,0.5,0,0.51,0.22,CYT,0,1,0,0,0,0,0,0,0,0,0
TSA_YEAST,0.59,0.64,0.44,0.26,0.5,0,0.5,0.22,CYT,0,1,0,0,0,0,0,0,0,0,0
SRB2_YEAST,0.49,0.48,0.51,0.21,0.5,0,0.53,0.22,NUC,1,0,1,0,0,0,0,0,0,0,0
RLA2_YEAST,0.69,0.54,0.55,0.23,0.5,0,0.73,0.22,CYT,0,1,0,0,0,0,0,0,0,0,0
ODO1_YEAST,0.54,0.51,0.54,0.52,0.5,0,0.47,0.25,MIT,2,0,0,1,0,0,0,0,0,0,0
AAR2_YEAST,0.58,0.44,0.57,0.13,0.5,0,0.54,0.22,NUC,1,0,1,0,0,0,0,0,0,0,0
SR14_YEAST,0.61,0.5,0.61,0.21,0.5,0,0.55,0.54,CYT,0,1,0,0,0,0,0,0,0,0,0
MR11_YEAST,0.39,0.3,0.56,0.12,0.5,0,0.53,0.38,NUC,1,0,1,0,0,0,0,0,0,0,0
ODO2_YEAST,0.53,0.5,0.54,0.56,0.5,0,0.49,0.41,MIT,2,0,0,1,0,0,0,0,0,0,0
RM38_YEAST,0.6,0.46,0.59,0.16,0.5,0,0.49,0.22,MIT,2,0,0,1,0,0,0,0,0,0,0
SRP1_YEAST,0.79,0.79,0.42,0.26,0.5,0,0.6,0.22,ME1,5,0,0,0,0,0,1,0,0,0,0
YHB9_YEAST,0.41,0.53,0.45,0.14,0.5,0,0.52,0.66,ME3,3,0,0,0,1,0,0,0,0,0,0
RMAR_YEAST,0.66,0.37,0.6,0.25,0.5,0,0.69,0.22,MIT,2,0,0,1,0,0,0,0,0,0,0
RS4E_YEAST,0.53,0.57,0.6,0.36,0.5,0,0.5,0.22,CYT,0,1,0,0,0,0,0,0,0,0,0
YINO_YEAST,0.76,0.67,0.37,0.22,0.5,0,0.54,0.22,ME2,4,0,0,0,0,1,0,0,0,0,0
ACO1_YEAST,0.43,0.38,0.38,0.12,0.5,0,0.5,0.22,ME2,4,0,0,0,0,1,0,0,0,0,0
VATL_YEAST,0.73,0.59,0.35,0.15,0.5,0,0.54,0.22,VAC,7,0,0,0,0,0,0,0,1,0,0
YKE6_YEAST,0.77,0.74,0.37,0.29,0.5,0,0.45,0.22,ME1,5,0,0,0,0,0,1,0,0,0,0
SMC2_YEAST,0.4,0.75,0.44,0.12,0.5,0,0.49,0.22,NUC,1,0,1,0,0,0,0,0,0,0,0
IME1_YEAST,0.54,0.45,0.62,0.13,0.5,0,0.52,0.26,NUC,1,0,1,0,0,0,0,0,0,0,0
SYFM_YEAST,0.43,0.32,0.5,0.29,0.5,0,0.5,0.22,MIT,2,0,0,1,0,0,0,0,0,0,0
DCP2_YEAST,0.49,0.45,0.46,0.18,0.5,0,0.49,0.31,CYT,0,1,0,0,0,0,0,0,0,0,0
NAT1_YEAST,0.5,0.36,0.53,0.41,0.5,0,0.55,0.36,CYT,0,1,0,0,0,0,0,0,0,0,0
RL17_YEAST,0.37,0.44,0.64,0.48,0.5,0,0.36,0.27,CYT,0,1,0,0,0,0,0,0,0,0,0
FLO1_YEAST,0.81,0.82,0.41,0.36,0.5,0,0.39,0.22,EXC,6,0,0,0,0,0,0,1,0,0,0
CC11_YEAST,0.4,0.62,0.52,0.31,0.5,0,0.49,0.31,CYT,0,1,0,0,0,0,0,0,0,0,0
END1_YEAST,0.46,0.49,0.45,0.28,0.5,0,0.55,0.22,VAC,7,0,0,0,0,0,0,0,1,0,0
PAS1_YEAST,0.56,0.48,0.5,0.3,0.5,0,0.51,0.22,CYT,0,1,0,0,0,0,0,0,0,0,0
CLH_YEAST,0.54,0.49,0.49,0.2,0.5,0,0.52,0.22,CYT,0,1,0,0,0,0,0,0,0,0,0
TRPF_YEAST,0.62,0.6,0.54,0.22,0.5,0,0.54,0.27,CYT,0,1,0,0,0,0,0,0,0,0,0
TBB_YEAST,0.53,0.42,0.53,0.19,0.5,0,0.47,0.22,CYT,0,1,0,0,0,0,0,0,0,0,0
EGD1_YEAST,0.35,0.39,0.57,0.11,0.5,0,0.48,0.22,NUC,1,0,1,0,0,0,0,0,0,0,0
ADT2_YEAST,0.43,0.67,0.48,0.27,0.5,0,0.53,0.22,MIT,2,0,0,1,0,0,0,0,0,0,0
BLH1_YEAST,0.52,0.48,0.58,0.55,0.5,0,0.48,0.22,CYT,0,1,0,0,0,0,0,0,0,0,0
HAP2_YEAST,0.47,0.49,0.63,0.17,0.5,0,0.31,0.26,NUC,1,0,1,0,0,0,0,0,0,0,0
TPS1_YEAST,0.63,0.54,0.53,0.27,0.5,0,0.49,0.22,CYT,0,1,0,0,0,0,0,0,0,0,0
PPA3_YEAST,0.77,0.72,0.48,0.26,0.5,0,0.51,0.22,EXC,6,0,0,0,0,0,0,1,0,0,0
YKA8_YEAST,0.3,0.37,0.4,0.45,0.5,0,0.48,0.41,ME3,3,0,0,0,1,0,0,0,0,0,0
SMY1_YEAST,0.54,0.5,0.51,0.26,0.5,0,0.52,0.22,CYT,0,1,0,0,0,0,0,0,0,0,0
PR21_YEAST,0.38,0.26,0.6,0.1,0.5,0,0.48,0.44,NUC,1,0,1,0,0,0,0,0,0,0,0
UCRX_YEAST,0.5,0.62,0.52,0.3,0.5,0,0.56,0.22,MIT,2,0,0,1,0,0,0,0,0,0,0
ATPS_YEAST,0.49,0.42,0.56,0.55,0.5,0,0.42,0.25,MIT,2,0,0,1,0,0,0,0,0,0,0
ADH2_YEAST,0.46,0.53,0.52,0.15,0.5,0,0.58,0.22,CYT,0,1,0,0,0,0,0,0,0,0,0
SLU7_YEAST,0.19,0.16,0.68,0.36,0.5,0,0.49,0.21,NUC,1,0,1,0,0,0,0,0,0,0,0
MPI2_YEAST,0.59,0.57,0.43,0.26,0.5,0,0.51,0.22,MIT,2,0,0,1,0,0,0,0,0,0,0
SC25_YEAST,0.5,0.48,0.48,0.23,0.5,0,0.53,0.68,CYT,0,1,0,0,0,0,0,0,0,0,0
YB8G_YEAST,0.65,0.62,0.26,0.33,0.5,0,0.55,0.22,ME3,3,0,0,0,1,0,0,0,0,0,0
KAD1_YEAST,0.57,0.47,0.6,0.18,0.5,0,0.51,0.22,CYT,0,1,0,0,0,0,0,0,0,0,0
RM04_YEAST,0.36,0.38,0.56,0.44,0.5,0,0.48,0.22,MIT,2,0,0,1,0,0,0,0,0,0,0
RS28_YEAST,0.38,0.5,0.52,0.44,0.5,0,0.54,0.11,CYT,0,1,0,0,0,0,0,0,0,0,0
RM27_YEAST,0.44,0.44,0.67,0.35,0.5,0,0.48,0.26,MIT,2,0,0,1,0,0,0,0,0,0,0
NAM9_YEAST,0.37,0.51,0.57,0.4,0.5,0,0.48,0.27,MIT,2,0,0,1,0,0,0,0,0,0,0
GBP2_YEAST,0.23,0.3,0.58,0.22,0.5,0,0.48,0.27,NUC,1,0,1,0,0,0,0,0,0,0,0
P2B2_YEAST,0.59,0.5,0.52,0.28,0.5,0,0.55,0.25,CYT,0,1,0,0,0,0,0,0,0,0,0
CCHL_YEAST,0.53,0.53,0.6,0.13,0.5,0,0.49,0.22,MIT,2,0,0,1,0,0,0,0,0,0,0
SODC_YEAST,0.55,0.57,0.51,0.07,0.5,0,0.55,0.22,CYT,0,1,0,0,0,0,0,0,0,0,0
COX8_YEAST,0.55,0.45,0.45,0.54,0.5,0,0.5,0.22,MIT,2,0,0,1,0,0,0,0,0,0,0
VATF_YEAST,0.65,0.58,0.53,0.21,0.5,0,0.51,0.22,VAC,7,0,0,0,0,0,0,0,1,0,0
SNC2_YEAST,0.25,0.35,0.22,0.18,0.5,0,0.46,0.22,ME3,3,0,0,0,1,0,0,0,0,0,0
FKB3_YEAST,0.54,0.57,0.52,0.19,0.5,0,0.59,0.67,NUC,1,0,1,0,0,0,0,0,0,0,0
IXR1_YEAST,0.42,0.32,0.61,0.13,0.5,0,0.14,0.27,NUC,1,0,1,0,0,0,0,0,0,0,0
ADH3_YEAST,0.51,0.51,0.52,0.51,0.5,0,0.54,0.22,MIT,2,0,0,1,0,0,0,0,0,0,0
HMD2_YEAST,0.53,0.68,0.34,0.42,0.5,0,0.54,0.27,ME3,3,0,0,0,1,0,0,0,0,0,0
PLSC_YEAST,0.8,0.69,0.53,0.33,0.5,0,0.51,0.22,ME2,4,0,0,0,0,1,0,0,0,0,0
YAG7_YEAST,0.49,0.49,0.4,0.2,0.5,0,0.48,0.26,ME3,3,0,0,0,1,0,0,0,0,0,0
PDC2_YEAST,0.51,0.46,0.57,0.25,0.5,0,0.53,0.22,CYT,0,1,0,0,0,0,0,0,0,0,0
MET4_YEAST,0.55,0.65,0.5,0.28,0.5,0,0.55,0.22,NUC,1,0,1,0,0,0,0,0,0,0,0
MK16_YEAST,0.49,0.62,0.65,0.18,0.5,0,0.46,0.43,NUC,1,0,1,0,0,0,0,0,0,0,0
YKW2_YEAST,0.41,0.47,0.5,0.14,0.5,0,0.53,0.37,NUC,1,0,1,0,0,0,0,0,0,0,0
PMP1_YEAST,0.95,0.71,0.27,0.39,0.5,0,0.31,0.22,ME2,4,0,0,0,0,1,0,0,0,0,0
CB31_YEAST,0.48,0.62,0.52,0.3,0.5,0,0.51,0.37,NUC,1,0,1,0,0,0,0,0,0,0,0
LCB2_YEAST,0.36,0.34,0.46,0.19,0.5,0,0.52,0.22,ME2,4,0,0,0,0,1,0,0,0,0,0
ZUO1_YEAST,0.43,0.4,0.6,0.16,0.5,0,0.53,0.39,NUC,1,0,1,0,0,0,0,0,0,0,0
SNF3_YEAST,0.37,0.4,0.38,0.18,0.5,0,0.51,0.22,ME3,3,0,0,0,1,0,0,0,0,0,0
AP17_YEAST,0.53,0.52,0.49,0.27,0.5,0,0.51,0.22,CYT,0,1,0,0,0,0,0,0,0,0,0
YBY2_YEAST,0.22,0.53,0.36,0.22,0.5,0,0.54,0.31,ME3,3,0,0,0,1,0,0,0,0,0,0
NAB2_YEAST,0.56,0.63,0.52,0.2,0.5,0,0.34,0.26,NUC,1,0,1,0,0,0,0,0,0,0,0
RS3B_YEAST,0.39,0.39,0.59,0.25,0.5,0,0.45,0.22,CYT,0,1,0,0,0,0,0,0,0,0,0
SEC4_YEAST,0.44,0.51,0.53,0.3,0.5,0,0.53,0.22,CYT,0,1,0,0,0,0,0,0,0,0,0
HIP1_YEAST,0.48,0.46,0.38,0.29,0.5,0,0.53,0.22,ME3,3,0,0,0,1,0,0,0,0,0,0
RMR3_YEAST,0.51,0.45,0.62,0.25,0.5,0,0.59,0.22,MIT,2,0,0,1,0,0,0,0,0,0,0
METE_YEAST,0.29,0.46,0.54,0.27,0.5,0,0.49,0.22,CYT,0,1,0,0,0,0,0,0,0,0,0
YMX1_YEAST,0.72,0.61,0.45,0.3,0.5,0,0.54,0.25,MIT,2,0,0,1,0,0,0,0,0,0,0
R102_YEAST,0.49,0.67,0.5,0.28,0.5,0,0.43,0.22,NUC,1,0,1,0,0,0,0,0,0,0,0
FMT_YEAST,0.59,0.56,0.5,0.48,0.5,0,0.46,0.22,MIT,2,0,0,1,0,0,0,0,0,0,0
GLYC_YEAST,0.53,0.49,0.47,0.21,0.5,0,0.53,0.22,CYT,0,1,0,0,0,0,0,0,0,0,0
ATPY_YEAST,0.46,0.49,0.58,0.23,0.5,0,0.44,0.22,MIT,2,0,0,1,0,0,0,0,0,0,0
MT28_YEAST,0.43,0.83,0.55,0.2,0.5,0,0.47,0.4,NUC,1,0,1,0,0,0,0,0,0,0,0
MPP1_YEAST,0.47,0.54,0.54,0.48,0.5,0,0.53,0.26,MIT,2,0,0,1,0,0,0,0,0,0,0
SNF1_YEAST,0.39,0.45,0.51,0.29,0.5,0,0.54,0.22,CYT,0,1,0,0,0,0,0,0,0,0,0
RT13_YEAST,0.51,0.42,0.56,0.38,0.5,0,0.46,0.22,MIT,2,0,0,1,0,0,0,0,0,0,0
PEM1_YEAST,0.42,0.42,0.42,0.2,0.5,0,0.49,0.22,ME3,3,0,0,0,1,0,0,0,0,0,0
HIR2_YEAST,0.61,0.57,0.45,0.21,0.5,0,0.5,0.42,NUC,1,0,1,0,0,0,0,0,0,0,0
TCPD_YEAST,0.39,0.47,0.49,0.2,0.5,0,0.53,0.26,CYT,0,1,0,0,0,0,0,0,0,0,0
SODM_YEAST,0.54,0.47,0.58,0.4,0.5,0,0.46,0.27,MIT,2,0,0,1,0,0,0,0,0,0,0
RSD1_YEAST,0.57,0.5,0.4,0.08,0.5,0,0.47,0.22,ME3,3,0,0,0,1,0,0,0,0,0,0
UCR1_YEAST,0.58,0.58,0.58,0.49,0.5,0,0.49,0.26,MIT,2,0,0,1,0,0,0,0,0,0,0
RL19_YEAST,0.72,0.37,0.63,0.38,0.5,0,0.4,0.14,CYT,0,1,0,0,0,0,0,0,0,0,0
SEC9_YEAST,0.39,0.3,0.63,0.2,0.5,0,0.43,0.47,CYT,0,1,0,0,0,0,0,0,0,0,0
YN19_YEAST,0.41,0.59,0.46,0.19,0.5,0,0.36,0.22,EXC,6,0,0,0,0,0,0,1,0,0,0
RLA1_YEAST,0.66,0.6,0.52,0.19,0.5,0,0.69,0.22,CYT,0,1,0,0,0,0,0,0,0,0,0
MAT2_YEAST,0.51,0.48,0.58,0.22,0.5,0,0.5,0.28,NUC,1,0,1,0,0,0,0,0,0,0,0
ADH1_YEAST,0.43,0.53,0.52,0.13,0.5,0,0.55,0.22,CYT,0,1,0,0,0,0,0,0,0,0,0
GBB_YEAST,0.44,0.4,0.53,0.19,0.5,0,0.48,0.27,CYT,0,1,0,0,0,0,0,0,0,0,0
TBA1_YEAST,0.59,0.46,0.57,0.17,0.5,0,0.52,0.22,CYT,0,1,0,0,0,0,0,0,0,0,0
KCC1_YEAST,0.31,0.55,0.52,0.17,0.5,0,0.52,0.22,CYT,0,1,0,0,0,0,0,0,0,0,0
SLA2_YEAST,0.46,0.48,0.38,0.22,0.5,0,0.39,0.45,ME3,3,0,0,0,1,0,0,0,0,0,0
MOT1_YEAST,0.58,0.46,0.46,0.34,0.5,0,0.5,0.43,NUC,1,0,1,0,0,0,0,0,0,0,0
YJ12_YEAST,0.5,0.46,0.42,0.32,0.5,0,0.56,0.55,ME3,3,0,0,0,1,0,0,0,0,0,0
YUR1_YEAST,0.81,0.62,0.43,0.17,0.5,0,0.53,0.22,ME2,4,0,0,0,0,1,0,0,0,0,0
YHD5_YEAST,0.38,0.67,0.33,0.17,0.5,0,0.51,0.22,ME3,3,0,0,0,1,0,0,0,0,0,0
MS18_YEAST,0.63,0.47,0.56,0.12,0.5,0,0.5,0.22,MIT,2,0,0,1,0,0,0,0,0,0,0
VP45_YEAST,0.46,0.52,0.51,0.13,0.5,0,0.47,0.22,CYT,0,1,0,0,0,0,0,0,0,0,0
ABF2_YEAST,0.55,0.5,0.66,0.36,0.5,0,0.49,0.22,MIT,2,0,0,1,0,0,0,0,0,0,0
OM20_YEAST,0.72,0.58,0.42,0.28,0.5,0,0.48,0.22,MIT,2,0,0,1,0,0,0,0,0,0,0
RL1A_YEAST,0.61,0.48,0.56,0.19,0.5,0,0.53,0.31,CYT,0,1,0,0,0,0,0,0,0,0,0
PIR3_YEAST,0.77,0.73,0.51,0.27,0.5,0,0.34,0.22,EXC,6,0,0,0,0,0,0,1,0,0,0
RL46_YEAST,0.43,0.22,0.79,0.79,0.5,0,0.22,0,CYT,0,1,0,0,0,0,0,0,0,0,0
R37B_YEAST,0.4,0.45,0.61,0.29,0.5,0,0.44,0.22,CYT,0,1,0,0,0,0,0,0,0,0,0
ATPA_YEAST,0.45,0.55,0.54,0.66,0.5,0,0.47,0.22,MIT,2,0,0,1,0,0,0,0,0,0,0
R26A_YEAST,0.46,0.54,0.59,0.41,0.5,0,0.53,0.21,CYT,0,1,0,0,0,0,0,0,0,0,0
LOS1_YEAST,0.53,0.44,0.47,0.22,0.5,0,0.53,0.22,NUC,1,0,1,0,0,0,0,0,0,0,0
SLY1_YEAST,0.64,0.31,0.53,0.15,0.5,0,0.53,0.31,CYT,0,1,0,0,0,0,0,0,0,0,0
SC12_YEAST,0.55,0.52,0.44,0.2,0.5,0,0.56,0.22,ME2,4,0,0,0,0,1,0,0,0,0,0
RPB2_YEAST,0.34,0.48,0.47,0.19,0.5,0,0.5,0.3,NUC,1,0,1,0,0,0,0,0,0,0,0
UGA3_YEAST,0.49,0.36,0.47,0.28,0.5,0,0.56,0.54,NUC,1,0,1,0,0,0,0,0,0,0,0
ZIP1_YEAST,0.47,0.43,0.61,0.4,0.5,0,0.48,0.47,NUC,1,0,1,0,0,0,0,0,0,0,0
R26B_YEAST,0.46,0.54,0.59,0.41,0.5,0,0.53,0.21,CYT,0,1,0,0,0,0,0,0,0,0,0
UBC1_YEAST,0.56,0.46,0.51,0.25,0.5,0,0.54,0.22,CYT,0,1,0,0,0,0,0,0,0,0,0
UME5_YEAST,0.34,0.42,0.48,0.19,0.5,0,0.46,0.31,NUC,1,0,1,0,0,0,0,0,0,0,0
PR06_YEAST,0.49,0.45,0.57,0.24,0.5,0,0.47,0.38,NUC,1,0,1,0,0,0,0,0,0,0,0
JNM1_YEAST,0.42,0.25,0.6,0.14,0.5,0,0.45,0.22,CYT,0,1,0,0,0,0,0,0,0,0,0
COAC_YEAST,0.25,0.4,0.51,0.18,0.5,0,0.5,0.27,CYT,0,1,0,0,0,0,0,0,0,0,0
MSP1_YEAST,0.63,0.6,0.5,0.27,0.5,0,0.55,0.22,MIT,2,0,0,1,0,0,0,0,0,0,0
DPM1_YEAST,0.54,0.42,0.41,0.16,0.5,0,0.52,0.22,ME2,4,0,0,0,0,1,0,0,0,0,0
KSS1_YEAST,0.52,0.48,0.54,0.28,0.5,0,0.54,0.22,NUC,1,0,1,0,0,0,0,0,0,0,0
MCE1_YEAST,0.49,0.47,0.53,0.16,0.5,0,0.48,0.27,NUC,1,0,1,0,0,0,0,0,0,0,0
SYDC_YEAST,0.46,0.35,0.53,0.16,0.5,0,0.51,0.29,CYT,0,1,0,0,0,0,0,0,0,0,0
CC12_YEAST,0.6,0.5,0.57,0.25,0.5,0,0.41,0.26,CYT,0,1,0,0,0,0,0,0,0,0,0
PUR4_YEAST,0.43,0.44,0.48,0.22,0.5,0,0.51,0.22,CYT,0,1,0,0,0,0,0,0,0,0,0
SRP2_YEAST,0.8,0.83,0.43,0.24,0.5,0,0.54,0.22,ME1,5,0,0,0,0,0,1,0,0,0,0
SSB1_YEAST,0.44,0.39,0.63,0.11,0.5,0,0.49,0.26,NUC,1,0,1,0,0,0,0,0,0,0,0
BCK2_YEAST,0.36,0.46,0.62,0.46,0.5,0,0.51,0.33,CYT,0,1,0,0,0,0,0,0,0,0,0
SYR_YEAST,0.46,0.44,0.53,0.31,0.5,0,0.48,0.22,MIT,2,0,0,1,0,0,0,0,0,0,0
CHS3_YEAST,0.26,0.44,0.3,0.11,0.5,0,0.51,0.47,ME3,3,0,0,0,1,0,0,0,0,0,0
SC22_YEAST,0.56,0.49,0.32,0.22,0.5,0,0.5,0.22,ME2,4,0,0,0,0,1,0,0,0,0,0
RM37_YEAST,0.56,0.5,0.61,0.49,0.5,0,0.46,0.28,MIT,2,0,0,1,0,0,0,0,0,0,0
DKA1_YEAST,0.42,0.5,0.59,0.17,0.5,0,0.51,0.22,CYT,0,1,0,0,0,0,0,0,0,0,0
RIF1_YEAST,0.35,0.4,0.44,0.25,0.5,0,0.53,0.57,NUC,1,0,1,0,0,0,0,0,0,0,0
RL71_YEAST,0.35,0.39,0.56,0.2,0.5,0,0.49,0.41,CYT,0,1,0,0,0,0,0,0,0,0,0
SMD1_YEAST,0.48,0.55,0.58,0.18,0.5,0,0.38,0.69,NUC,1,0,1,0,0,0,0,0,0,0,0
MRF1_YEAST,0.46,0.61,0.55,0.29,0.5,0,0.49,0.22,MIT,2,0,0,1,0,0,0,0,0,0,0
SS10_YEAST,0.77,0.73,0.49,0.46,0.5,0,0.38,0.22,EXC,6,0,0,0,0,0,0,1,0,0,0
STE6_YEAST,0.46,0.61,0.38,0.35,0.5,0,0.49,0.22,ME3,3,0,0,0,1,0,0,0,0,0,0
GLGB_YEAST,0.49,0.43,0.48,0.15,0.5,0,0.55,0.25,CYT,0,1,0,0,0,0,0,0,0,0,0
SPT6_YEAST,0.23,0.13,0.51,0.16,0.5,0,0.53,0.51,NUC,1,0,1,0,0,0,0,0,0,0,0
YHR8_YEAST,0.31,0.42,0.48,0.17,0.5,0,0.49,0.53,NUC,1,0,1,0,0,0,0,0,0,0,0
TUP1_YEAST,0.5,0.43,0.56,0.17,0.5,0,0.35,0.22,NUC,1,0,1,0,0,0,0,0,0,0,0
RA26_YEAST,0.47,0.43,0.48,0.16,0.5,0,0.46,0.27,NUC,1,0,1,0,0,0,0,0,0,0,0
ROX3_YEAST,0.43,0.44,0.64,0.19,0.5,0,0.38,0.33,NUC,1,0,1,0,0,0,0,0,0,0,0
CALX_YEAST,0.75,0.7,0.38,0.27,0.5,0,0.49,0.22,ME1,5,0,0,0,0,0,1,0,0,0,0
BAF1_YEAST,0.48,0.45,0.59,0.2,0.5,0,0.58,0.34,NUC,1,0,1,0,0,0,0,0,0,0,0
EFG2_YEAST,0.49,0.48,0.46,0.63,0.5,0,0.52,0.22,MIT,2,0,0,1,0,0,0,0,0,0,0
HMD1_YEAST,0.51,0.63,0.3,0.35,0.5,0,0.53,0.27,ME3,3,0,0,0,1,0,0,0,0,0,0
CDC3_YEAST,0.29,0.32,0.58,0.15,0.5,0,0.5,0.3,CYT,0,1,0,0,0,0,0,0,0,0,0
NIP1_YEAST,0.35,0.5,0.44,0.27,0.5,0,0.51,0.22,CYT,0,1,0,0,0,0,0,0,0,0,0
UBP2_YEAST,0.19,0.41,0.55,0.13,0.5,0,0.52,0.25,CYT,0,1,0,0,0,0,0,0,0,0,0
R14B_YEAST,0.57,0.43,0.52,0.3,0.5,0,0.37,0.11,CYT,0,1,0,0,0,0,0,0,0,0,0
YIR3_YEAST,0.85,0.85,0.3,0.31,0.5,0,0.55,0.42,ME1,5,0,0,0,0,0,1,0,0,0,0
ER24_YEAST,0.63,0.61,0.41,0.22,0.5,0,0.51,0.22,ME3,3,0,0,0,1,0,0,0,0,0,0
CBS1_YEAST,0.55,0.53,0.55,0.46,0.5,0,0.52,0.22,MIT,2,0,0,1,0,0,0,0,0,0,0
KC21_YEAST,0.31,0.31,0.56,0.33,0.5,0,0.52,0.33,NUC,1,0,1,0,0,0,0,0,0,0,0
HOP1_YEAST,0.29,0.68,0.47,0.26,0.5,0,0.47,0.37,NUC,1,0,1,0,0,0,0,0,0,0,0
HO_YEAST,0.53,0.53,0.53,0.17,0.5,0,0.49,0.37,NUC,1,0,1,0,0,0,0,0,0,0,0
YAA7_YEAST,1,0.8,0.29,0.36,0.5,0,0.52,0.22,ME1,5,0,0,0,0,0,1,0,0,0,0
DUR3_YEAST,0.83,0.58,0.33,0.04,0.5,0,0.53,0.22,ME2,4,0,0,0,0,1,0,0,0,0,0
PRC5_YEAST,0.28,0.51,0.55,0.19,0.5,0,0.57,0.22,CYT,0,1,0,0,0,0,0,0,0,0,0
SMI1_YEAST,0.43,0.32,0.56,0.27,0.5,0,0.47,0.27,NUC,1,0,1,0,0,0,0,0,0,0,0
SYH_YEAST,0.51,0.68,0.49,0.59,0.5,0,0.54,0.27,MIT,2,0,0,1,0,0,0,0,0,0,0
ACP_YEAST,0.52,0.53,0.58,0.69,0.5,0,0.5,0.22,MIT,2,0,0,1,0,0,0,0,0,0,0
FRE1_YEAST,0.91,0.77,0.34,0.47,0.5,0,0.52,0.31,ME1,5,0,0,0,0,0,1,0,0,0,0
ACEA_YEAST,0.52,0.5,0.53,0.1,0.5,0,0.48,0.22,POX,8,0,0,0,0,0,0,0,0,1,0
PT09_YEAST,0.48,0.52,0.49,0.35,0.5,0.5,0.51,0.22,MIT,2,0,0,1,0,0,0,0,0,0,0
RL15_YEAST,0.46,0.35,0.69,0.18,0.5,0,0.3,0.25,CYT,0,1,0,0,0,0,0,0,0,0,0
CHI1_YEAST,0.82,0.78,0.49,0.23,0.5,0,0.46,0.22,EXC,6,0,0,0,0,0,0,1,0,0,0
DATI_YEAST,0.27,0.36,0.6,0.33,0.5,0,0.37,0.31,NUC,1,0,1,0,0,0,0,0,0,0,0
TF3B_YEAST,0.49,0.51,0.52,0.13,0.5,0,0.51,0.33,NUC,1,0,1,0,0,0,0,0,0,0,0
AMPM_YEAST,0.48,0.51,0.57,0.24,0.5,0,0.5,0.22,CYT,0,1,0,0,0,0,0,0,0,0,0
CYS3_YEAST,0.51,0.53,0.55,0.14,0.5,0,0.51,0.22,CYT,0,1,0,0,0,0,0,0,0,0,0
THIK_YEAST,0.46,0.48,0.44,0.21,0.5,0,0.55,0.22,POX,8,0,0,0,0,0,0,0,0,1,0
TP20_YEAST,0.4,0.56,0.53,0.15,0.5,0,0.49,0.22,CYT,0,1,0,0,0,0,0,0,0,0,0
TPM1_YEAST,0.42,0.45,0.75,0.21,0.5,0,0.48,0.22,CYT,0,1,0,0,0,0,0,0,0,0,0
FUR4_YEAST,0.35,0.56,0.36,0.3,0.5,0,0.53,0.25,ME3,3,0,0,0,1,0,0,0,0,0,0
YKM9_YEAST,0.41,0.45,0.46,0.23,0.5,0,0.5,0.7,CYT,0,1,0,0,0,0,0,0,0,0,0
MAS5_YEAST,0.64,0.44,0.56,0.15,0.5,0,0.56,0.22,CYT,0,1,0,0,0,0,0,0,0,0,0
CAN1_YEAST,0.44,0.59,0.36,0.16,0.5,0,0.52,0.22,ME3,3,0,0,0,1,0,0,0,0,0,0
YB00_YEAST,0.25,0.41,0.47,0.14,0.5,0,0.56,0.68,NUC,1,0,1,0,0,0,0,0,0,0,0
GLYM_YEAST,0.47,0.56,0.53,0.44,0.5,0,0.53,0.22,MIT,2,0,0,1,0,0,0,0,0,0,0
RAT1_YEAST,0.53,0.46,0.54,0.37,0.5,0,0.51,0.3,NUC,1,0,1,0,0,0,0,0,0,0,0
CBP1_YEAST,0.45,0.45,0.5,0.6,0.5,0,0.49,0.22,MIT,2,0,0,1,0,0,0,0,0,0,0
OM45_YEAST,0.75,0.66,0.64,0.39,0.5,0,0.46,0.32,MIT,2,0,0,1,0,0,0,0,0,0,0
UCR2_YEAST,0.49,0.45,0.54,0.4,0.5,0,0.55,0.22,MIT,2,0,0,1,0,0,0,0,0,0,0
GTS1_YEAST,0.41,0.6,0.53,0.29,0.5,0,0.47,0.43,NUC,1,0,1,0,0,0,0,0,0,0,0
PROC_YEAST,0.77,0.57,0.45,0.17,0.5,0,0.53,0.22,CYT,0,1,0,0,0,0,0,0,0,0,0
SSO1_YEAST,0.41,0.42,0.23,0.16,0.5,0,0.4,0.22,ME3,3,0,0,0,1,0,0,0,0,0,0
G6PI_YEAST,0.46,0.46,0.53,0.23,0.5,0,0.51,0.22,CYT,0,1,0,0,0,0,0,0,0,0,0
SMC1_YEAST,0.47,0.56,0.51,0.2,0.5,0,0.52,0.59,NUC,1,0,1,0,0,0,0,0,0,0,0
NAM1_YEAST,0.51,0.46,0.54,0.41,0.5,0,0.53,0.22,MIT,2,0,0,1,0,0,0,0,0,0,0
END3_YEAST,0.55,0.46,0.53,0.11,0.5,0,0.52,0.48,CYT,0,1,0,0,0,0,0,0,0,0,0
MSH2_YEAST,0.32,0.45,0.44,0.2,0.5,0,0.55,0.33,NUC,1,0,1,0,0,0,0,0,0,0,0
RL35_YEAST,0.52,0.47,0.58,0.18,0.5,0,0.34,0.11,CYT,0,1,0,0,0,0,0,0,0,0,0
PGK_YEAST,0.48,0.42,0.48,0.19,0.5,0,0.58,0.22,CYT,0,1,0,0,0,0,0,0,0,0,0
SLA1_YEAST,0.37,0.55,0.52,0.13,0.5,0,0.42,0.8,CYT,0,1,0,0,0,0,0,0,0,0,0
SUI1_YEAST,0.39,0.39,0.65,0.16,0.5,0,0.45,0.22,CYT,0,1,0,0,0,0,0,0,0,0,0
SPT5_YEAST,0.5,0.43,0.5,0.17,0.5,0,0.46,0.47,NUC,1,0,1,0,0,0,0,0,0,0,0
YAB9_YEAST,0.4,0.45,0.45,0.15,0.5,0,0.53,0.48,NUC,1,0,1,0,0,0,0,0,0,0,0
GCR3_YEAST,0.17,0.38,0.45,0.09,0.5,0,0.54,0.27,NUC,1,0,1,0,0,0,0,0,0,0,0
SMF2_YEAST,0.23,0.37,0.32,0.13,0.5,0,0.53,0.22,MIT,2,0,0,1,0,0,0,0,0,0,0
KTR3_YEAST,0.58,0.76,0.4,0.37,0.5,0,0.54,0.3,ME2,4,0,0,0,0,1,0,0,0,0,0
RL2_YEAST,0.63,0.64,0.45,0.26,0.5,0,0.43,0.22,CYT,0,1,0,0,0,0,0,0,0,0,0
TNT_YEAST,0.59,0.6,0.49,0.43,0.5,0,0.53,0.31,MIT,2,0,0,1,0,0,0,0,0,0,0
RS24_YEAST,0.61,0.38,0.57,0.36,0.5,0,0.44,0.21,CYT,0,1,0,0,0,0,0,0,0,0,0
RU17_YEAST,0.33,0.46,0.6,0.18,0.5,0,0.51,0.26,NUC,1,0,1,0,0,0,0,0,0,0,0
C1TC_YEAST,0.45,0.4,0.5,0.16,0.5,0,0.5,0.22,CYT,0,1,0,0,0,0,0,0,0,0,0
VATE_YEAST,0.6,0.37,0.52,0.15,0.5,0,0.55,0.26,VAC,7,0,0,0,0,0,0,0,1,0,0
RPB5_YEAST,0.4,0.3,0.57,0.13,0.5,0,0.46,0.22,NUC,1,0,1,0,0,0,0,0,0,0,0
RFC2_YEAST,0.47,0.47,0.54,0.19,0.5,0,0.51,0.33,NUC,1,0,1,0,0,0,0,0,0,0,0
EPT1_YEAST,0.29,0.43,0.4,0.15,0.5,0,0.53,0.22,ME3,3,0,0,0,1,0,0,0,0,0,0
TOR2_YEAST,0.49,0.5,0.42,0.43,0.5,0,0.5,0.36,VAC,7,0,0,0,0,0,0,0,1,0,0
RFA2_YEAST,0.46,0.41,0.58,0.1,0.5,0,0.48,0.22,NUC,1,0,1,0,0,0,0,0,0,0,0
TAL1_YEAST,0.63,0.64,0.49,0.2,0.5,0,0.52,0.25,CYT,0,1,0,0,0,0,0,0,0,0,0
YAB1_YEAST,0.51,0.39,0.56,0.55,0.5,0,0.46,0.64,MIT,2,0,0,1,0,0,0,0,0,0,0
S61G_YEAST,0.49,0.31,0.43,0.24,0.5,0,0.54,0.22,ME3,3,0,0,0,1,0,0,0,0,0,0
SYI_YEAST,0.5,0.46,0.52,0.16,0.5,0,0.52,0.26,CYT,0,1,0,0,0,0,0,0,0,0,0
MAT1_YEAST,0.37,0.22,0.64,0.35,0.5,0,0.47,0.22,NUC,1,0,1,0,0,0,0,0,0,0,0
SNQ2_YEAST,0.45,0.57,0.38,0.28,0.5,0,0.53,0.31,ME3,3,0,0,0,1,0,0,0,0,0,0
MRS1_YEAST,0.61,0.46,0.51,0.37,0.5,0,0.51,0.22,MIT,2,0,0,1,0,0,0,0,0,0,0
HCM1_YEAST,0.46,0.57,0.57,0.15,0.5,0,0.52,0.26,NUC,1,0,1,0,0,0,0,0,0,0,0
KRE9_YEAST,0.87,0.83,0.57,0.36,0.5,0,0.36,0.22,EXC,6,0,0,0,0,0,0,1,0,0,0
DUN1_YEAST,0.37,0.53,0.46,0.23,0.5,0,0.47,0.22,NUC,1,0,1,0,0,0,0,0,0,0,0
RLUB_YEAST,0.4,0.42,0.71,0.21,0.5,0,0.54,0.32,CYT,0,1,0,0,0,0,0,0,0,0,0
PGM1_YEAST,0.43,0.45,0.53,0.19,0.5,0,0.56,0.22,CYT,0,1,0,0,0,0,0,0,0,0,0
CYBM_YEAST,0.61,0.72,0.39,0.33,0.5,0,0.58,0.22,MIT,2,0,0,1,0,0,0,0,0,0,0
NSR1_YEAST,0.3,0.55,0.58,0.16,0.5,0,0.61,0.28,NUC,1,0,1,0,0,0,0,0,0,0,0
COX7_YEAST,0.37,0.58,0.44,0.51,0.5,0,0.44,0.22,MIT,2,0,0,1,0,0,0,0,0,0,0
YN46_YEAST,0.58,0.56,0.52,0.25,0.5,0,0.57,0.35,NUC,1,0,1,0,0,0,0,0,0,0,0
KAPR_YEAST,0.4,0.45,0.56,0.2,0.5,0,0.45,0.22,CYT,0,1,0,0,0,0,0,0,0,0,0
COFI_YEAST,0.44,0.42,0.6,0.21,0.5,0,0.57,0.22,CYT,0,1,0,0,0,0,0,0,0,0,0
FCY2_YEAST,0.46,0.35,0.33,0.17,0.5,0,0.55,0.22,ME3,3,0,0,0,1,0,0,0,0,0,0
MTA1_YEAST,0.49,0.37,0.59,0.17,0.5,0,0.51,0.22,NUC,1,0,1,0,0,0,0,0,0,0,0
PPAC_YEAST,0.74,0.72,0.5,0.28,0.5,0,0.49,0.27,EXC,6,0,0,0,0,0,0,1,0,0,0
CIN1_YEAST,0.48,0.61,0.44,0.2,0.5,0,0.47,0.22,CYT,0,1,0,0,0,0,0,0,0,0,0
SC20_YEAST,0.46,0.47,0.44,0.18,1,0,0.46,0.22,ME2,4,0,0,0,0,1,0,0,0,0,0
HEM2_YEAST,0.53,0.43,0.47,0.15,0.5,0,0.58,0.22,CYT,0,1,0,0,0,0,0,0,0,0,0
TFB1_YEAST,0.63,0.58,0.57,0.1,0.5,0,0.52,0.33,NUC,1,0,1,0,0,0,0,0,0,0,0
RL21_YEAST,0.4,0.28,0.58,0.44,0.5,0,0.41,0.22,CYT,0,1,0,0,0,0,0,0,0,0,0
FU34_YEAST,0.37,0.34,0.32,0.22,0.5,0,0.56,0.22,ME3,3,0,0,0,1,0,0,0,0,0,0
RPOM_YEAST,0.47,0.56,0.46,0.5,0.5,0,0.51,0.22,MIT,2,0,0,1,0,0,0,0,0,0,0
H150_YEAST,0.74,0.71,0.52,0.3,0.5,0,0.27,0.22,EXC,6,0,0,0,0,0,0,1,0,0,0
GFA1_YEAST,0.52,0.51,0.51,0.12,0.5,0,0.51,0.4,CYT,0,1,0,0,0,0,0,0,0,0,0
ACE1_YEAST,0.43,0.39,0.54,0.21,0.5,0,0.53,0.27,NUC,1,0,1,0,0,0,0,0,0,0,0
G3P1_YEAST,0.59,0.48,0.49,0.42,0.5,0,0.52,0.22,CYT,0,1,0,0,0,0,0,0,0,0,0
RFT1_YEAST,0.4,0.66,0.34,0.21,0.5,0,0.52,0.26,NUC,1,0,1,0,0,0,0,0,0,0,0
GAS1_YEAST,0.7,0.69,0.43,0.33,0.5,0,0.58,0.22,ME1,5,0,0,0,0,0,1,0,0,0,0
S61A_YEAST,0.55,0.72,0.35,0.26,0.5,0,0.49,0.22,ME3,3,0,0,0,1,0,0,0,0,0,0
HS83_YEAST,0.61,0.54,0.49,0.16,0.5,0,0.54,0.42,CYT,0,1,0,0,0,0,0,0,0,0,0
BDF1_YEAST,0.33,0.43,0.64,0.16,0.5,0,0.52,0.52,NUC,1,0,1,0,0,0,0,0,0,0,0
YCD8_YEAST,0.3,0.68,0.41,0.17,0.5,0,0.51,0.22,ME3,3,0,0,0,1,0,0,0,0,0,0
KIP2_YEAST,0.38,0.49,0.54,1,0.5,0,0.5,0.27,CYT,0,1,0,0,0,0,0,0,0,0,0
IDH1_YEAST,0.53,0.56,0.49,0.46,0.5,0,0.52,0.22,MIT,2,0,0,1,0,0,0,0,0,0,0
KAPC_YEAST,0.42,0.37,0.54,0.17,0.5,0,0.51,0.22,CYT,0,1,0,0,0,0,0,0,0,0,0
MTC_YEAST,0.38,0.51,0.75,0.17,0.5,0,0.55,0.22,CYT,0,1,0,0,0,0,0,0,0,0,0
SUP1_YEAST,0.41,0.49,0.55,0.13,0.5,0,0.55,0.22,CYT,0,1,0,0,0,0,0,0,0,0,0
SWI3_YEAST,0.47,0.47,0.5,0.19,0.5,0,0.51,0.26,NUC,1,0,1,0,0,0,0,0,0,0,0
SPT4_YEAST,0.73,0.52,0.59,0.25,0.5,0,0.51,0.22,NUC,1,0,1,0,0,0,0,0,0,0,0
FOX2_YEAST,0.69,0.6,0.51,0.13,0.5,0.83,0.52,0.22,POX,8,0,0,0,0,0,0,0,0,1,0
DHA2_YEAST,0.57,0.53,0.53,0.34,0.5,0,0.53,0.22,MIT,2,0,0,1,0,0,0,0,0,0,0
COX6_YEAST,0.5,0.4,0.56,0.7,0.5,0,0.5,0.22,MIT,2,0,0,1,0,0,0,0,0,0,0
YEX1_YEAST,0.42,0.58,0.41,0.65,0.5,0,0.46,0.26,MIT,2,0,0,1,0,0,0,0,0,0,0
KIN2_YEAST,0.36,0.35,0.47,0.22,0.5,0,0.44,0.31,ME3,3,0,0,0,1,0,0,0,0,0,0
ATE1_YEAST,0.58,0.51,0.49,0.27,0.5,0,0.57,0.29,CYT,0,1,0,0,0,0,0,0,0,0,0
DMC1_YEAST,0.43,0.39,0.54,0.14,0.5,0,0.47,0.22,NUC,1,0,1,0,0,0,0,0,0,0,0
RPB9_YEAST,0.34,0.47,0.48,0.32,0.5,0,0.42,0.22,NUC,1,0,1,0,0,0,0,0,0,0,0
YMC4_YEAST,0.78,0.75,0.4,0.28,0.5,0,0.53,0.22,MIT,2,0,0,1,0,0,0,0,0,0,0
SYLC_YEAST,0.45,0.43,0.51,0.24,0.5,0,0.54,0.33,CYT,0,1,0,0,0,0,0,0,0,0,0
CARB_YEAST,0.35,0.66,0.49,0.21,0.5,0,0.54,0.25,CYT,0,1,0,0,0,0,0,0,0,0,0
VM12_YEAST,0.4,0.36,0.32,0.16,0.5,0,0.51,0.27,VAC,7,0,0,0,0,0,0,0,1,0,0
ARG2_YEAST,0.48,0.43,0.51,0.32,0.5,0,0.52,0.43,NUC,1,0,1,0,0,0,0,0,0,0,0
MEP1_YEAST,0.47,0.6,0.35,0.21,0.5,0,0.52,0.22,ME3,3,0,0,0,1,0,0,0,0,0,0
SIN3_YEAST,0.4,0.49,0.53,0.23,0.5,0,0.44,0.26,NUC,1,0,1,0,0,0,0,0,0,0,0
HXT3_YEAST,0.34,0.4,0.3,0.23,0.5,0,0.51,0.22,ME3,3,0,0,0,1,0,0,0,0,0,0
UCR8_YEAST,0.38,0.31,0.59,0.19,0.5,0,0.46,0.22,MIT,2,0,0,1,0,0,0,0,0,0,0
RL3_YEAST,0.48,0.44,0.46,0.37,0.5,0,0.46,0.36,CYT,0,1,0,0,0,0,0,0,0,0,0
PEP1_YEAST,0.74,0.89,0.32,0.24,0.5,0,0.54,0.32,ME1,5,0,0,0,0,0,1,0,0,0,0
YHI7_YEAST,0.29,0.26,0.43,0.17,0.5,0,0.55,0.3,ME3,3,0,0,0,1,0,0,0,0,0,0
ERG8_YEAST,0.62,0.58,0.46,0.13,0.5,0,0.53,0.22,CYT,0,1,0,0,0,0,0,0,0,0,0
R161_YEAST,0.49,0.4,0.58,0.23,0.5,0,0.47,0.27,CYT,0,1,0,0,0,0,0,0,0,0,0
NMT_YEAST,0.49,0.44,0.51,0.18,0.5,0,0.52,0.27,CYT,0,1,0,0,0,0,0,0,0,0,0
HXT1_YEAST,0.3,0.5,0.34,0.26,0.5,0,0.51,0.22,ME3,3,0,0,0,1,0,0,0,0,0,0
ARG3_YEAST,0.41,0.46,0.59,0.19,0.5,0,0.58,0.27,NUC,1,0,1,0,0,0,0,0,0,0,0
E2BB_YEAST,0.59,0.65,0.52,0.3,0.5,0,0.46,0.31,CYT,0,1,0,0,0,0,0,0,0,0,0
RPC5_YEAST,0.38,0.38,0.54,0.24,0.5,0,0.54,0.22,NUC,1,0,1,0,0,0,0,0,0,0,0
YHP0_YEAST,0.38,0.44,0.57,0.14,0.5,0,0.53,0.52,NUC,1,0,1,0,0,0,0,0,0,0,0
YM38_YEAST,0.39,0.28,0.54,0.14,0.5,0,0.59,0.22,MIT,2,0,0,1,0,0,0,0,0,0,0
KAR3_YEAST,0.34,0.31,0.6,0.37,0.5,0,0.5,0.3,NUC,1,0,1,0,0,0,0,0,0,0,0
FZF1_YEAST,0.37,0.43,0.62,0.27,0.5,0,0.48,0.22,NUC,1,0,1,0,0,0,0,0,0,0,0
HXKA_YEAST,0.41,0.3,0.49,0.28,0.5,0,0.54,0.22,CYT,0,1,0,0,0,0,0,0,0,0,0
AR56_YEAST,0.45,0.58,0.48,0.67,0.5,0,0.52,0.22,MIT,2,0,0,1,0,0,0,0,0,0,0
HS30_YEAST,0.37,0.62,0.34,0.25,0.5,0,0.51,0.22,ME3,3,0,0,0,1,0,0,0,0,0,0
SWI5_YEAST,0.41,0.39,0.61,0.17,0.5,0,0.5,0.61,NUC,1,0,1,0,0,0,0,0,0,0,0
SDH4_YEAST,0.47,0.58,0.47,0.52,0.5,0,0.54,0.22,MIT,2,0,0,1,0,0,0,0,0,0,0
RPC9_YEAST,0.31,0.6,0.65,0.18,0.5,0,0.46,0.22,NUC,1,0,1,0,0,0,0,0,0,0,0
UBP1_YEAST,0.59,0.7,0.46,0.19,0.5,0,0.54,0.44,CYT,0,1,0,0,0,0,0,0,0,0,0
VATA_YEAST,0.36,0.51,0.51,0.17,0.5,0,0.52,0.22,VAC,7,0,0,0,0,0,0,0,1,0,0
GCN2_YEAST,0.37,0.33,0.5,0.12,0.5,0,0.51,0.54,CYT,0,1,0,0,0,0,0,0,0,0,0
R16A_YEAST,0.44,0.56,0.52,0.18,0.5,0,0.5,0.11,CYT,0,1,0,0,0,0,0,0,0,0,0
RAM1_YEAST,0.59,0.47,0.51,0.53,0.5,0,0.53,0.26,CYT,0,1,0,0,0,0,0,0,0,0,0
RHO1_YEAST,0.6,0.48,0.46,0.32,0.5,0,0.4,0.33,CYT,0,1,0,0,0,0,0,0,0,0,0
SYFB_YEAST,0.47,0.47,0.58,0.16,0.5,0,0.49,0.28,CYT,0,1,0,0,0,0,0,0,0,0,0
PR16_YEAST,0.56,0.59,0.54,0.18,0.5,0,0.48,0.46,NUC,1,0,1,0,0,0,0,0,0,0,0
ODPX_YEAST,0.45,0.58,0.59,0.44,0.5,0,0.56,0.22,MIT,2,0,0,1,0,0,0,0,0,0,0
YAB8_YEAST,0.69,0.66,0.36,0.09,0.5,0,0.56,0.22,ME1,5,0,0,0,0,0,1,0,0,0,0
YHK8_YEAST,0.49,0.56,0.37,0.2,0.5,0,0.53,0.22,ME3,3,0,0,0,1,0,0,0,0,0,0
GLNA_YEAST,0.44,0.34,0.55,0.18,0.5,0,0.52,0.22,CYT,0,1,0,0,0,0,0,0,0,0,0
CATT_YEAST,0.41,0.51,0.58,0.15,0.5,0,0.45,0.27,CYT,0,1,0,0,0,0,0,0,0,0,0
RER1_YEAST,0.45,0.66,0.39,0.11,0.5,0,0.54,0.22,ME3,3,0,0,0,1,0,0,0,0,0,0
ATN1_YEAST,0.39,0.49,0.3,0.19,0.5,0,0.52,0.31,ME3,3,0,0,0,1,0,0,0,0,0,0
YJ91_YEAST,0.47,0.43,0.35,0.32,0.5,0,0.54,0.22,ME3,3,0,0,0,1,0,0,0,0,0,0
PR28_YEAST,0.62,0.41,0.52,0.17,0.5,0,0.48,0.22,NUC,1,0,1,0,0,0,0,0,0,0,0
IF2B_YEAST,0.41,0.35,0.6,0.22,0.5,0,0.56,0.79,CYT,0,1,0,0,0,0,0,0,0,0,0
RT08_YEAST,0.45,0.38,0.64,0.14,0.5,0,0.54,0.22,MIT,2,0,0,1,0,0,0,0,0,0,0
DBP1_YEAST,0.42,0.32,0.5,0.21,0.5,0,0.51,0.22,NUC,1,0,1,0,0,0,0,0,0,0,0
ABP1_YEAST,0.4,0.39,0.6,0.15,0.5,0,0.58,0.3,CYT,0,1,0,0,0,0,0,0,0,0,0
YCQ0_YEAST,0.35,0.32,0.31,0.16,0.5,0,0.56,0.22,ME3,3,0,0,0,1,0,0,0,0,0,0
CTR1_YEAST,0.36,0.37,0.33,0.14,0.5,0,0.57,0.31,ME3,3,0,0,0,1,0,0,0,0,0,0
CHS1_YEAST,0.26,0.5,0.33,0.28,0.5,0,0.51,0.22,ME3,3,0,0,0,1,0,0,0,0,0,0
SC59_YEAST,0.51,0.51,0.32,0.27,0.5,0,0.54,0.22,ME3,3,0,0,0,1,0,0,0,0,0,0
IF2M_YEAST,0.55,0.49,0.5,0.46,0.5,0,0.52,0.25,MIT,2,0,0,1,0,0,0,0,0,0,0
ANC1_YEAST,0.53,0.31,0.58,0.39,0.5,0,0.47,0.37,NUC,1,0,1,0,0,0,0,0,0,0,0
SRB5_YEAST,0.6,0.62,0.54,0.11,0.5,0,0.51,0.22,NUC,1,0,1,0,0,0,0,0,0,0,0
YB91_YEAST,0.43,0.6,0.4,0.12,0.5,0,0.49,0.29,ME3,3,0,0,0,1,0,0,0,0,0,0
SYN_YEAST,0.47,0.41,0.53,0.27,0.5,0,0.47,0.25,MIT,2,0,0,1,0,0,0,0,0,0,0
SYTC_YEAST,0.31,0.31,0.57,0.15,0.5,0,0.5,0.22,CYT,0,1,0,0,0,0,0,0,0,0,0
OTC_YEAST,0.53,0.44,0.51,0.33,0.5,0,0.55,0.22,CYT,0,1,0,0,0,0,0,0,0,0,0
RL12_YEAST,0.59,0.51,0.48,0.12,0.5,0,0.54,0.31,CYT,0,1,0,0,0,0,0,0,0,0,0
GAP1_YEAST,0.49,0.46,0.34,0.21,0.5,0,0.55,0.22,ME3,3,0,0,0,1,0,0,0,0,0,0
YBT6_YEAST,0.54,0.44,0.38,0.22,0.5,0,0.54,0.3,ME3,3,0,0,0,1,0,0,0,0,0,0
AGAL_YEAST,0.68,0.68,0.49,0.15,0.5,0,0.53,0.22,EXC,6,0,0,0,0,0,0,1,0,0,0
TBA3_YEAST,0.59,0.46,0.55,0.17,0.5,0,0.52,0.25,CYT,0,1,0,0,0,0,0,0,0,0,0
INV2_YEAST,0.74,0.82,0.46,0.24,0.5,0,0.48,0.22,EXC,6,0,0,0,0,0,0,1,0,0,0
GAL4_YEAST,0.44,0.44,0.49,0.15,0.5,0,0.46,0.27,NUC,1,0,1,0,0,0,0,0,0,0,0
HAP4_YEAST,0.56,0.57,0.63,0.39,1,0,0.59,0.4,NUC,1,0,1,0,0,0,0,0,0,0,0
CHMU_YEAST,0.47,0.39,0.59,0.15,0.5,0,0.57,0.22,CYT,0,1,0,0,0,0,0,0,0,0,0
SHM1_YEAST,0.56,0.59,0.45,0.15,0.5,0,0.54,0.22,MIT,2,0,0,1,0,0,0,0,0,0,0
RAD7_YEAST,0.49,0.49,0.51,0.29,0.5,0,0.52,0.71,NUC,1,0,1,0,0,0,0,0,0,0,0
RS33_YEAST,0.5,0.5,0.62,0.23,0.5,0,0.35,0.11,CYT,0,1,0,0,0,0,0,0,0,0,0
AROC_YEAST,0.6,0.47,0.45,0.22,0.5,0,0.51,0.29,CYT,0,1,0,0,0,0,0,0,0,0,0
OSTB_YEAST,0.78,0.71,0.35,0.25,0.5,0,0.49,0.22,ME1,5,0,0,0,0,0,1,0,0,0,0
SGE1_YEAST,0.85,0.69,0.34,0.31,0.5,0,0.57,0.3,ME1,5,0,0,0,0,0,1,0,0,0,0
EF1A_YEAST,0.63,0.43,0.48,0.11,0.5,0,0.51,0.22,CYT,0,1,0,0,0,0,0,0,0,0,0
RLUB_YEAST,0.4,0.42,0.71,0.21,0.5,0,0.54,0.32,CYT,0,1,0,0,0,0,0,0,0,0,0
PR39_YEAST,0.32,0.48,0.49,0.17,0.5,0,0.47,0.22,NUC,1,0,1,0,0,0,0,0,0,0,0
NSP1_YEAST,0.87,0.47,0.6,0.47,0.5,0,0.59,0.22,NUC,1,0,1,0,0,0,0,0,0,0,0
CG11_YEAST,0.49,0.43,0.51,0.13,0.5,0,0.47,0.22,CYT,0,1,0,0,0,0,0,0,0,0,0
YBI8_YEAST,0.45,0.5,0.43,0.16,0.5,0,0.52,0.28,ME3,3,0,0,0,1,0,0,0,0,0,0
PIK1_YEAST,0.45,0.4,0.43,0.22,0.5,0,0.51,0.48,NUC,1,0,1,0,0,0,0,0,0,0,0
SRB4_YEAST,0.49,0.6,0.42,0.18,0.5,0,0.58,0.28,NUC,1,0,1,0,0,0,0,0,0,0,0
MA6R_YEAST,0.33,0.38,0.53,0.26,0.5,0,0.52,0.27,NUC,1,0,1,0,0,0,0,0,0,0,0
OCH1_YEAST,0.83,0.57,0.42,0.57,0.5,0,0.5,0.32,ME2,4,0,0,0,0,1,0,0,0,0,0
PEM2_YEAST,0.48,0.49,0.45,0.23,0.5,0,0.51,0.22,ME3,3,0,0,0,1,0,0,0,0,0,0
ACOX_YEAST,0.46,0.41,0.5,0.44,0.5,0,0.53,0.22,MIT,2,0,0,1,0,0,0,0,0,0,0
RL1_YEAST,0.35,0.33,0.48,0.42,0.5,0,0.47,0.43,CYT,0,1,0,0,0,0,0,0,0,0,0
SPT8_YEAST,0.52,0.31,0.56,0.16,0.5,0,0.55,0.22,NUC,1,0,1,0,0,0,0,0,0,0,0
KI28_YEAST,0.57,0.49,0.48,0.16,0.5,0,0.51,0.22,NUC,1,0,1,0,0,0,0,0,0,0,0
CIK1_YEAST,0.31,0.44,0.53,0.23,0.5,0,0.51,0.32,NUC,1,0,1,0,0,0,0,0,0,0,0
MBP1_YEAST,0.5,0.49,0.52,0.2,0.5,0,0.43,0.52,NUC,1,0,1,0,0,0,0,0,0,0,0
CACM_YEAST,0.45,0.39,0.46,0.29,0.5,0,0.42,0.22,MIT,2,0,0,1,0,0,0,0,0,0,0
SR68_YEAST,0.62,0.33,0.49,0.24,0.5,0,0.51,0.42,CYT,0,1,0,0,0,0,0,0,0,0,0
SWI4_YEAST,0.55,0.38,0.52,0.16,0.5,0,0.49,0.64,NUC,1,0,1,0,0,0,0,0,0,0,0
CYPC_YEAST,0.47,0.46,0.59,0.49,0.5,0,0.56,0.22,MIT,2,0,0,1,0,0,0,0,0,0,0
MPCP_YEAST,0.6,0.59,0.45,0.23,0.5,0,0.55,0.22,MIT,2,0,0,1,0,0,0,0,0,0,0
H4_YEAST,0.37,0.34,0.58,0.24,0.5,0,0.44,0.18,NUC,1,0,1,0,0,0,0,0,0,0,0
GCS1_YEAST,0.43,0.51,0.54,0.15,0.5,0,0.45,0.26,NUC,1,0,1,0,0,0,0,0,0,0,0
G3P3_YEAST,0.61,0.52,0.5,0.44,0.5,0,0.53,0.22,CYT,0,1,0,0,0,0,0,0,0,0,0
HDF1_YEAST,0.43,0.42,0.54,0.22,0.5,0,0.57,0.33,NUC,1,0,1,0,0,0,0,0,0,0,0
ITR1_YEAST,0.49,0.41,0.32,0.21,0.5,0,0.5,0.32,ME3,3,0,0,0,1,0,0,0,0,0,0
KHR1_YEAST,0.84,0.63,0.38,0.23,0.5,0,0.53,0.22,EXC,6,0,0,0,0,0,0,1,0,0,0
PIR1_YEAST,0.77,0.78,0.51,0.28,0.5,0,0.33,0.22,EXC,6,0,0,0,0,0,0,1,0,0,0
PRI2_YEAST,0.45,0.48,0.56,0.56,0.5,0,0.47,0.22,NUC,1,0,1,0,0,0,0,0,0,0,0
DBP2_YEAST,0.23,0.2,0.53,0.2,0.5,0,0.44,0.22,NUC,1,0,1,0,0,0,0,0,0,0,0
RAD1_YEAST,0.24,0.41,0.47,0.16,0.5,0,0.51,0.38,NUC,1,0,1,0,0,0,0,0,0,0,0
GR78_YEAST,0.85,0.56,0.33,0.38,1,0,0.55,0.25,ERL,9,0,0,0,0,0,0,0,0,0,1
ORC2_YEAST,0.39,0.42,0.49,0.1,0.5,0,0.49,0.65,NUC,1,0,1,0,0,0,0,0,0,0,0
SNF4_YEAST,0.43,0.47,0.47,0.18,0.5,0,0.47,0.22,CYT,0,1,0,0,0,0,0,0,0,0,0
ARO1_YEAST,0.54,0.48,0.44,0.08,0.5,0,0.52,0.27,CYT,0,1,0,0,0,0,0,0,0,0,0
SC17_YEAST,0.46,0.44,0.58,0.17,0.5,0,0.55,0.22,CYT,0,1,0,0,0,0,0,0,0,0,0
SC62_YEAST,0.54,0.44,0.35,0.19,0.5,0,0.51,0.27,ME3,3,0,0,0,1,0,0,0,0,0,0
CYP1_YEAST,0.6,0.48,0.44,0.52,0.5,0,0.54,0.63,NUC,1,0,1,0,0,0,0,0,0,0,0
RL4A_YEAST,0.56,0.35,0.47,0.41,0.5,0,0.5,0.22,CYT,0,1,0,0,0,0,0,0,0,0,0
ITR2_YEAST,0.35,0.53,0.35,0.33,0.5,0,0.5,0.32,ME3,3,0,0,0,1,0,0,0,0,0,0
NDI1_YEAST,0.53,0.61,0.51,0.49,0.5,0,0.54,0.27,MIT,2,0,0,1,0,0,0,0,0,0,0
MNN1_YEAST,0.66,0.66,0.32,0.54,0.5,0,0.51,0.22,ME2,4,0,0,0,0,1,0,0,0,0,0
CC7_YEAST,0.42,0.31,0.5,0.15,0.5,0,0.53,0.22,NUC,1,0,1,0,0,0,0,0,0,0,0
UME6_YEAST,0.6,0.57,0.63,0.22,0.5,0,0.5,0.49,NUC,1,0,1,0,0,0,0,0,0,0,0
MCM1_YEAST,0.18,0.48,0.46,0.12,0.5,0,0,0.25,NUC,1,0,1,0,0,0,0,0,0,0,0
OAT_YEAST,0.27,0.6,0.48,0.23,0.5,0,0.55,0.22,CYT,0,1,0,0,0,0,0,0,0,0,0
YHR0_YEAST,0.8,0.73,0.47,0.19,0.5,0,0.49,0.22,ME1,5,0,0,0,0,0,1,0,0,0,0
KIME_YEAST,0.59,0.58,0.46,0.19,0.5,0,0.56,0.27,CYT,0,1,0,0,0,0,0,0,0,0,0
YHU0_YEAST,0.63,0.71,0.44,0.53,0.5,0,0.52,0.22,ME2,4,0,0,0,0,1,0,0,0,0,0
YCT8_YEAST,0.32,0.45,0.39,0.14,0.5,0,0.45,0.22,ME3,3,0,0,0,1,0,0,0,0,0,0
LEUR_YEAST,0.44,0.41,0.44,0.13,0.5,0,0.49,0.42,NUC,1,0,1,0,0,0,0,0,0,0,0
KC2C_YEAST,0.38,0.37,0.56,0.21,0.5,0,0.49,0.22,NUC,1,0,1,0,0,0,0,0,0,0,0
RL3P_YEAST,0.24,0.25,0.57,0.28,0.5,0,0.51,0.11,CYT,0,1,0,0,0,0,0,0,0,0,0
YK44_YEAST,0.58,0.56,0.38,0.39,0.5,0,0.54,0.57,NUC,1,0,1,0,0,0,0,0,0,0,0
SRPR_YEAST,0.55,0.46,0.47,0.15,0.5,0,0.47,0.22,ME3,3,0,0,0,1,0,0,0,0,0,0
YHC6_YEAST,0.61,0.76,0.3,0.16,0.5,0,0.45,0.41,ME3,3,0,0,0,1,0,0,0,0,0,0
USO1_YEAST,0.5,0.47,0.45,0.14,0.5,0,0.53,0.32,ME3,3,0,0,0,1,0,0,0,0,0,0
